1,obluzowany opona
2,halasujacy drzwi
3,zardzewialy opona
4,porysowany opona
5,obluzowany si這wniki
6,piszczacy zaciski
7,piszczacy klocki hamulcowe
8,zardzewialy si這wniki
9,uszkodzony ch這dnica
10,porysowany drzwi
11,porysowany drzwi
12,porysowany drzwi
13,zardzewialy zawieszenie
14,uszkodzony zawieszenie
15,obluzowany zawieszenie
16,uszkodzony opona
17,piszczacy alternator
18,brak ch這dnica
19,zardzewialy zaciski
20,obluzowany skrzynia
21,brak zaciski
22,porysowany si這wniki
23,brak zaciski
24,obluzowany klocki hamulcowe
25,halasujacy skrzynia
26,piszczacy si這wniki
27,cieknacy alternator
28,zardzewialy silnik
29,uszkodzony tarcze hamulcowe
30,zardzewialy tarcze hamulcowe
31,halasujacy zaciski
32,halasujacy alternator
33,piszczacy silnik
34,brak drzwi
35,piszczacy drzwi
36,zardzewialy opona
37,zardzewialy klocki hamulcowe
38,halasujacy zaciski
39,uszkodzony opona
40,obluzowany drzwi
41,porysowany silnik
42,cieknacy podwozie
43,piszczacy alternator
44,piszczacy drzwi
45,cieknacy karoseria
46,brak podwozie
47,porysowany drzwi
48,porysowany klapa
49,brak zaciski
50,uszkodzony ch這dnica
51,uszkodzony karoseria
52,uszkodzony karoseria
53,halasujacy tarcze hamulcowe
54,halasujacy klapa
55,brak podwozie
56,obluzowany zaciski
57,piszczacy ch這dnica
58,halasujacy si這wniki
59,brak opona
60,halasujacy si這wniki
61,uszkodzony ch這dnica
62,piszczacy klocki hamulcowe
63,cieknacy karoseria
64,porysowany opona
65,uszkodzony alternator
66,obluzowany zaciski
67,cieknacy ch這dnica
68,halasujacy zaciski
69,porysowany silnik
70,zardzewialy zaciski
71,porysowany klapa
72,halasujacy opona
73,porysowany alternator
74,halasujacy alternator
75,piszczacy podwozie
76,brak tarcze hamulcowe
77,halasujacy drzwi
78,zardzewialy drzwi
79,brak klapa
80,porysowany drzwi
81,zardzewialy zaciski
82,piszczacy opona
83,piszczacy zaciski
84,cieknacy si這wniki
85,obluzowany klapa
86,piszczacy ch這dnica
87,obluzowany karoseria
88,zardzewialy opona
89,brak ch這dnica
90,porysowany tarcze hamulcowe
91,porysowany ch這dnica
92,cieknacy skrzynia
93,porysowany karoseria
94,cieknacy klocki hamulcowe
95,porysowany zawieszenie
96,uszkodzony zaciski
97,porysowany ch這dnica
98,halasujacy skrzynia
99,brak drzwi
100,halasujacy karoseria
101,uszkodzony skrzynia
102,porysowany skrzynia
103,porysowany klocki hamulcowe
104,zardzewialy skrzynia
105,uszkodzony drzwi
106,cieknacy drzwi
107,brak drzwi
108,zardzewialy zaciski
109,porysowany skrzynia
110,porysowany silnik
111,brak zawieszenie
112,cieknacy klapa
113,obluzowany silnik
114,cieknacy si這wniki
115,halasujacy ch這dnica
116,zardzewialy zawieszenie
117,cieknacy drzwi
118,piszczacy si這wniki
119,uszkodzony silnik
120,cieknacy klocki hamulcowe
121,porysowany opona
122,zardzewialy skrzynia
123,halasujacy klocki hamulcowe
124,cieknacy podwozie
125,piszczacy opona
126,piszczacy tarcze hamulcowe
127,piszczacy klapa
128,halasujacy podwozie
129,uszkodzony klocki hamulcowe
130,porysowany podwozie
131,piszczacy zawieszenie
132,halasujacy opona
133,brak silnik
134,halasujacy opona
135,piszczacy silnik
136,obluzowany alternator
137,cieknacy ch這dnica
138,uszkodzony skrzynia
139,halasujacy opona
140,piszczacy drzwi
141,cieknacy alternator
142,brak zaciski
143,brak tarcze hamulcowe
144,brak karoseria
145,obluzowany silnik
146,cieknacy klocki hamulcowe
147,piszczacy tarcze hamulcowe
148,halasujacy zaciski
149,cieknacy ch這dnica
150,porysowany silnik
151,uszkodzony zawieszenie
152,porysowany ch這dnica
153,piszczacy skrzynia
154,halasujacy skrzynia
155,halasujacy si這wniki
156,cieknacy klocki hamulcowe
157,halasujacy ch這dnica
158,halasujacy drzwi
159,brak karoseria
160,cieknacy zaciski
161,halasujacy si這wniki
162,brak klocki hamulcowe
163,brak skrzynia
164,piszczacy si這wniki
165,piszczacy ch這dnica
166,porysowany silnik
167,zardzewialy skrzynia
168,porysowany podwozie
169,uszkodzony klapa
170,piszczacy opona
171,cieknacy karoseria
172,uszkodzony alternator
173,piszczacy tarcze hamulcowe
174,cieknacy opona
175,obluzowany skrzynia
176,halasujacy drzwi
177,zardzewialy silnik
178,cieknacy skrzynia
179,zardzewialy si這wniki
180,halasujacy skrzynia
181,piszczacy tarcze hamulcowe
182,piszczacy podwozie
183,piszczacy drzwi
184,brak si這wniki
185,halasujacy ch這dnica
186,obluzowany drzwi
187,piszczacy si這wniki
188,obluzowany skrzynia
189,zardzewialy zaciski
190,obluzowany si這wniki
191,obluzowany si這wniki
192,brak si這wniki
193,piszczacy zaciski
194,piszczacy si這wniki
195,piszczacy skrzynia
196,porysowany opona
197,halasujacy karoseria
198,cieknacy si這wniki
199,brak ch這dnica
200,zardzewialy zawieszenie
201,obluzowany zaciski
202,halasujacy zawieszenie
203,cieknacy zawieszenie
204,uszkodzony podwozie
205,zardzewialy zawieszenie
206,cieknacy opona
207,halasujacy karoseria
208,zardzewialy alternator
209,zardzewialy silnik
210,halasujacy ch這dnica
211,brak zawieszenie
212,piszczacy podwozie
213,cieknacy si這wniki
214,halasujacy drzwi
215,zardzewialy skrzynia
216,zardzewialy zawieszenie
217,zardzewialy tarcze hamulcowe
218,obluzowany alternator
219,cieknacy podwozie
220,halasujacy klapa
221,uszkodzony skrzynia
222,porysowany si這wniki
223,cieknacy alternator
224,cieknacy karoseria
225,zardzewialy zaciski
226,obluzowany skrzynia
227,porysowany tarcze hamulcowe
228,cieknacy zaciski
229,halasujacy zaciski
230,piszczacy klocki hamulcowe
231,halasujacy podwozie
232,brak zaciski
233,obluzowany drzwi
234,halasujacy silnik
235,uszkodzony alternator
236,brak klocki hamulcowe
237,uszkodzony ch這dnica
238,halasujacy silnik
239,halasujacy zawieszenie
240,halasujacy si這wniki
241,piszczacy klocki hamulcowe
242,brak opona
243,piszczacy skrzynia
244,obluzowany skrzynia
245,zardzewialy ch這dnica
246,piszczacy klocki hamulcowe
247,brak klocki hamulcowe
248,brak klapa
249,piszczacy drzwi
250,piszczacy zawieszenie
251,cieknacy klapa
252,brak silnik
253,halasujacy zawieszenie
254,brak opona
255,brak klapa
256,uszkodzony podwozie
257,piszczacy drzwi
258,piszczacy karoseria
259,halasujacy klocki hamulcowe
260,uszkodzony alternator
261,uszkodzony skrzynia
262,zardzewialy drzwi
263,cieknacy klocki hamulcowe
264,obluzowany podwozie
265,brak si這wniki
266,halasujacy klapa
267,uszkodzony tarcze hamulcowe
268,cieknacy skrzynia
269,halasujacy tarcze hamulcowe
270,zardzewialy zawieszenie
271,halasujacy si這wniki
272,porysowany drzwi
273,uszkodzony podwozie
274,halasujacy zaciski
275,uszkodzony silnik
276,uszkodzony si這wniki
277,obluzowany ch這dnica
278,brak klapa
279,porysowany drzwi
280,piszczacy klocki hamulcowe
281,cieknacy si這wniki
282,zardzewialy zawieszenie
283,halasujacy karoseria
284,piszczacy tarcze hamulcowe
285,zardzewialy alternator
286,porysowany klocki hamulcowe
287,brak zawieszenie
288,zardzewialy opona
289,cieknacy podwozie
290,uszkodzony drzwi
291,piszczacy alternator
292,obluzowany si這wniki
293,zardzewialy drzwi
294,halasujacy opona
295,zardzewialy klapa
296,obluzowany opona
297,cieknacy alternator
298,halasujacy alternator
299,brak klocki hamulcowe
300,porysowany skrzynia
301,obluzowany skrzynia
302,uszkodzony si這wniki
303,obluzowany klocki hamulcowe
304,uszkodzony tarcze hamulcowe
305,zardzewialy karoseria
306,piszczacy tarcze hamulcowe
307,brak drzwi
308,uszkodzony zaciski
309,zardzewialy tarcze hamulcowe
310,porysowany ch這dnica
311,cieknacy podwozie
312,brak skrzynia
313,zardzewialy silnik
314,uszkodzony klocki hamulcowe
315,halasujacy zawieszenie
316,halasujacy skrzynia
317,porysowany tarcze hamulcowe
318,piszczacy podwozie
319,halasujacy podwozie
320,halasujacy opona
321,brak opona
322,porysowany zaciski
323,obluzowany podwozie
324,brak karoseria
325,brak si這wniki
326,piszczacy ch這dnica
327,porysowany si這wniki
328,obluzowany zaciski
329,piszczacy klocki hamulcowe
330,brak skrzynia
331,brak zaciski
332,brak podwozie
333,porysowany si這wniki
334,uszkodzony drzwi
335,zardzewialy podwozie
336,zardzewialy ch這dnica
337,piszczacy ch這dnica
338,obluzowany tarcze hamulcowe
339,zardzewialy skrzynia
340,obluzowany opona
341,halasujacy karoseria
342,porysowany zawieszenie
343,brak klocki hamulcowe
344,cieknacy klapa
345,piszczacy podwozie
346,porysowany drzwi
347,zardzewialy podwozie
348,cieknacy silnik
349,obluzowany karoseria
350,porysowany tarcze hamulcowe
351,zardzewialy klocki hamulcowe
352,brak klocki hamulcowe
353,porysowany karoseria
354,uszkodzony karoseria
355,cieknacy podwozie
356,zardzewialy klocki hamulcowe
357,brak silnik
358,halasujacy opona
359,piszczacy tarcze hamulcowe
360,brak si這wniki
361,piszczacy drzwi
362,brak skrzynia
363,cieknacy karoseria
364,uszkodzony zaciski
365,piszczacy zaciski
366,zardzewialy si這wniki
367,cieknacy klapa
368,halasujacy zawieszenie
369,zardzewialy podwozie
370,cieknacy si這wniki
371,cieknacy alternator
372,zardzewialy klocki hamulcowe
373,porysowany si這wniki
374,zardzewialy karoseria
375,obluzowany opona
376,brak zaciski
377,brak klapa
378,zardzewialy zaciski
379,zardzewialy klocki hamulcowe
380,cieknacy zawieszenie
381,piszczacy karoseria
382,zardzewialy karoseria
383,obluzowany si這wniki
384,obluzowany opona
385,halasujacy klapa
386,brak zaciski
387,halasujacy podwozie
388,brak ch這dnica
389,halasujacy podwozie
390,uszkodzony klocki hamulcowe
391,obluzowany silnik
392,cieknacy silnik
393,cieknacy podwozie
394,piszczacy karoseria
395,brak klocki hamulcowe
396,cieknacy karoseria
397,obluzowany si這wniki
398,zardzewialy klapa
399,porysowany klocki hamulcowe
400,halasujacy zaciski
401,halasujacy ch這dnica
402,cieknacy opona
403,uszkodzony si這wniki
404,halasujacy ch這dnica
405,cieknacy tarcze hamulcowe
406,obluzowany skrzynia
407,halasujacy klocki hamulcowe
408,porysowany si這wniki
409,uszkodzony alternator
410,zardzewialy klocki hamulcowe
411,halasujacy alternator
412,zardzewialy si這wniki
413,halasujacy zawieszenie
414,uszkodzony skrzynia
415,porysowany tarcze hamulcowe
416,halasujacy silnik
417,halasujacy zaciski
418,porysowany karoseria
419,cieknacy drzwi
420,obluzowany drzwi
421,obluzowany drzwi
422,porysowany opona
423,brak zaciski
424,piszczacy si這wniki
425,cieknacy alternator
426,zardzewialy klocki hamulcowe
427,uszkodzony podwozie
428,obluzowany klapa
429,obluzowany zaciski
430,porysowany ch這dnica
431,zardzewialy si這wniki
432,halasujacy alternator
433,cieknacy klocki hamulcowe
434,piszczacy klapa
435,zardzewialy skrzynia
436,obluzowany klocki hamulcowe
437,halasujacy drzwi
438,halasujacy klocki hamulcowe
439,cieknacy zaciski
440,brak zaciski
441,brak klocki hamulcowe
442,cieknacy si這wniki
443,cieknacy alternator
444,brak ch這dnica
445,halasujacy opona
446,cieknacy klapa
447,brak alternator
448,uszkodzony skrzynia
449,obluzowany podwozie
450,obluzowany silnik
451,halasujacy karoseria
452,porysowany si這wniki
453,uszkodzony podwozie
454,uszkodzony tarcze hamulcowe
455,cieknacy tarcze hamulcowe
456,piszczacy opona
457,uszkodzony skrzynia
458,halasujacy skrzynia
459,uszkodzony tarcze hamulcowe
460,obluzowany zaciski
461,brak drzwi
462,cieknacy skrzynia
463,brak tarcze hamulcowe
464,brak opona
465,porysowany alternator
466,brak klapa
467,porysowany si這wniki
468,zardzewialy silnik
469,porysowany klocki hamulcowe
470,obluzowany skrzynia
471,brak ch這dnica
472,piszczacy skrzynia
473,piszczacy silnik
474,obluzowany skrzynia
475,obluzowany zaciski
476,halasujacy drzwi
477,zardzewialy podwozie
478,obluzowany alternator
479,brak karoseria
480,brak alternator
481,cieknacy klocki hamulcowe
482,halasujacy karoseria
483,zardzewialy podwozie
484,obluzowany podwozie
485,halasujacy alternator
486,zardzewialy ch這dnica
487,brak opona
488,brak zaciski
489,uszkodzony klocki hamulcowe
490,porysowany zaciski
491,halasujacy skrzynia
492,obluzowany silnik
493,halasujacy si這wniki
494,uszkodzony zaciski
495,uszkodzony klapa
496,uszkodzony silnik
497,piszczacy klapa
498,uszkodzony klapa
499,piszczacy skrzynia
500,zardzewialy karoseria
501,uszkodzony si這wniki
502,uszkodzony zaciski
503,uszkodzony zaciski
504,brak si這wniki
505,cieknacy tarcze hamulcowe
506,halasujacy zawieszenie
507,uszkodzony opona
508,brak skrzynia
509,zardzewialy karoseria
510,brak karoseria
511,obluzowany si這wniki
512,uszkodzony klapa
513,porysowany alternator
514,brak alternator
515,halasujacy alternator
516,uszkodzony klocki hamulcowe
517,cieknacy klocki hamulcowe
518,obluzowany tarcze hamulcowe
519,piszczacy klapa
520,halasujacy skrzynia
521,zardzewialy skrzynia
522,halasujacy zawieszenie
523,halasujacy si這wniki
524,zardzewialy alternator
525,obluzowany alternator
526,cieknacy klocki hamulcowe
527,brak klapa
528,brak skrzynia
529,obluzowany tarcze hamulcowe
530,uszkodzony opona
531,porysowany opona
532,halasujacy si這wniki
533,cieknacy silnik
534,obluzowany klocki hamulcowe
535,brak zaciski
536,brak karoseria
537,zardzewialy klapa
538,piszczacy alternator
539,uszkodzony skrzynia
540,halasujacy klocki hamulcowe
541,cieknacy zawieszenie
542,uszkodzony skrzynia
543,piszczacy drzwi
544,halasujacy zaciski
545,cieknacy zaciski
546,cieknacy klocki hamulcowe
547,cieknacy tarcze hamulcowe
548,porysowany klapa
549,piszczacy tarcze hamulcowe
550,piszczacy drzwi
551,piszczacy silnik
552,obluzowany silnik
553,zardzewialy klapa
554,halasujacy zawieszenie
555,porysowany klapa
556,brak zawieszenie
557,halasujacy silnik
558,obluzowany zaciski
559,uszkodzony ch這dnica
560,brak zaciski
561,halasujacy drzwi
562,porysowany silnik
563,cieknacy si這wniki
564,cieknacy opona
565,zardzewialy tarcze hamulcowe
566,uszkodzony zaciski
567,piszczacy klocki hamulcowe
568,piszczacy skrzynia
569,zardzewialy skrzynia
570,obluzowany tarcze hamulcowe
571,obluzowany karoseria
572,piszczacy ch這dnica
573,porysowany klapa
574,brak klocki hamulcowe
575,piszczacy silnik
576,uszkodzony zaciski
577,piszczacy skrzynia
578,piszczacy klapa
579,piszczacy alternator
580,cieknacy drzwi
581,obluzowany alternator
582,cieknacy klocki hamulcowe
583,uszkodzony skrzynia
584,porysowany klocki hamulcowe
585,brak zawieszenie
586,porysowany klapa
587,halasujacy karoseria
588,zardzewialy zawieszenie
589,obluzowany karoseria
590,uszkodzony klocki hamulcowe
591,porysowany zawieszenie
592,zardzewialy ch這dnica
593,zardzewialy si這wniki
594,obluzowany karoseria
595,porysowany zawieszenie
596,piszczacy ch這dnica
597,zardzewialy klocki hamulcowe
598,brak zaciski
599,brak si這wniki
600,obluzowany karoseria
601,porysowany alternator
602,obluzowany skrzynia
603,uszkodzony podwozie
604,porysowany zaciski
605,halasujacy ch這dnica
606,obluzowany ch這dnica
607,cieknacy silnik
608,zardzewialy si這wniki
609,zardzewialy alternator
610,uszkodzony silnik
611,cieknacy podwozie
612,cieknacy karoseria
613,piszczacy drzwi
614,obluzowany si這wniki
615,porysowany klocki hamulcowe
616,uszkodzony klocki hamulcowe
617,piszczacy alternator
618,zardzewialy skrzynia
619,porysowany karoseria
620,zardzewialy karoseria
621,brak skrzynia
622,porysowany silnik
623,porysowany opona
624,obluzowany zawieszenie
625,porysowany ch這dnica
626,piszczacy alternator
627,zardzewialy skrzynia
628,uszkodzony alternator
629,cieknacy karoseria
630,porysowany klapa
631,halasujacy si這wniki
632,halasujacy skrzynia
633,cieknacy si這wniki
634,cieknacy ch這dnica
635,brak drzwi
636,cieknacy podwozie
637,porysowany silnik
638,porysowany drzwi
639,uszkodzony skrzynia
640,halasujacy klapa
641,uszkodzony opona
642,uszkodzony alternator
643,obluzowany klapa
644,piszczacy zaciski
645,uszkodzony si這wniki
646,porysowany tarcze hamulcowe
647,piszczacy zaciski
648,uszkodzony klapa
649,zardzewialy tarcze hamulcowe
650,porysowany podwozie
651,zardzewialy ch這dnica
652,porysowany zaciski
653,porysowany alternator
654,uszkodzony klapa
655,uszkodzony klapa
656,cieknacy podwozie
657,uszkodzony skrzynia
658,brak drzwi
659,cieknacy silnik
660,cieknacy skrzynia
661,uszkodzony klapa
662,cieknacy klocki hamulcowe
663,obluzowany silnik
664,obluzowany ch這dnica
665,zardzewialy ch這dnica
666,obluzowany klocki hamulcowe
667,halasujacy ch這dnica
668,piszczacy zawieszenie
669,halasujacy opona
670,porysowany skrzynia
671,zardzewialy skrzynia
672,piszczacy klapa
673,porysowany tarcze hamulcowe
674,obluzowany zawieszenie
675,cieknacy drzwi
676,halasujacy silnik
677,halasujacy zawieszenie
678,brak zawieszenie
679,brak drzwi
680,brak opona
681,obluzowany drzwi
682,brak alternator
683,cieknacy podwozie
684,obluzowany klapa
685,cieknacy klapa
686,brak tarcze hamulcowe
687,uszkodzony alternator
688,brak zawieszenie
689,cieknacy tarcze hamulcowe
690,brak alternator
691,halasujacy si這wniki
692,porysowany alternator
693,brak klocki hamulcowe
694,uszkodzony zawieszenie
695,cieknacy zaciski
696,zardzewialy silnik
697,zardzewialy drzwi
698,obluzowany silnik
699,piszczacy alternator
700,cieknacy ch這dnica
701,porysowany klapa
702,cieknacy skrzynia
703,halasujacy klapa
704,uszkodzony si這wniki
705,uszkodzony klocki hamulcowe
706,obluzowany skrzynia
707,halasujacy tarcze hamulcowe
708,obluzowany alternator
709,obluzowany klapa
710,zardzewialy si這wniki
711,piszczacy opona
712,obluzowany karoseria
713,piszczacy drzwi
714,brak drzwi
715,halasujacy opona
716,cieknacy tarcze hamulcowe
717,obluzowany opona
718,piszczacy klocki hamulcowe
719,piszczacy opona
720,obluzowany tarcze hamulcowe
721,piszczacy si這wniki
722,zardzewialy zawieszenie
723,uszkodzony ch這dnica
724,halasujacy zaciski
725,uszkodzony drzwi
726,zardzewialy zawieszenie
727,zardzewialy klocki hamulcowe
728,cieknacy klocki hamulcowe
729,porysowany zawieszenie
730,porysowany alternator
731,cieknacy ch這dnica
732,uszkodzony silnik
733,uszkodzony si這wniki
734,cieknacy zaciski
735,zardzewialy klapa
736,halasujacy tarcze hamulcowe
737,uszkodzony klocki hamulcowe
738,zardzewialy alternator
739,halasujacy alternator
740,brak si這wniki
741,uszkodzony ch這dnica
742,obluzowany karoseria
743,cieknacy podwozie
744,zardzewialy ch這dnica
745,porysowany zawieszenie
746,porysowany karoseria
747,piszczacy opona
748,obluzowany podwozie
749,porysowany podwozie
750,cieknacy silnik
751,halasujacy zawieszenie
752,zardzewialy klapa
753,uszkodzony podwozie
754,halasujacy tarcze hamulcowe
755,cieknacy klocki hamulcowe
756,obluzowany tarcze hamulcowe
757,piszczacy skrzynia
758,obluzowany opona
759,piszczacy ch這dnica
760,brak ch這dnica
761,halasujacy klapa
762,uszkodzony karoseria
763,piszczacy podwozie
764,uszkodzony zaciski
765,piszczacy tarcze hamulcowe
766,zardzewialy ch這dnica
767,brak drzwi
768,brak opona
769,piszczacy silnik
770,piszczacy podwozie
771,piszczacy silnik
772,halasujacy si這wniki
773,porysowany podwozie
774,obluzowany alternator
775,zardzewialy klocki hamulcowe
776,porysowany skrzynia
777,obluzowany drzwi
778,cieknacy opona
779,brak karoseria
780,uszkodzony zaciski
781,uszkodzony podwozie
782,halasujacy opona
783,uszkodzony opona
784,piszczacy podwozie
785,obluzowany klocki hamulcowe
786,halasujacy zawieszenie
787,porysowany klocki hamulcowe
788,uszkodzony podwozie
789,porysowany zawieszenie
790,porysowany karoseria
791,halasujacy ch這dnica
792,zardzewialy silnik
793,halasujacy alternator
794,piszczacy karoseria
795,obluzowany opona
796,brak tarcze hamulcowe
797,zardzewialy zawieszenie
798,piszczacy zawieszenie
799,brak klocki hamulcowe
800,zardzewialy opona
801,zardzewialy ch這dnica
802,obluzowany ch這dnica
803,obluzowany tarcze hamulcowe
804,zardzewialy tarcze hamulcowe
805,uszkodzony skrzynia
806,brak zaciski
807,brak klocki hamulcowe
808,piszczacy zaciski
809,porysowany alternator
810,halasujacy drzwi
811,brak skrzynia
812,piszczacy klapa
813,uszkodzony klocki hamulcowe
814,zardzewialy opona
815,piszczacy drzwi
816,uszkodzony skrzynia
817,obluzowany zawieszenie
818,brak skrzynia
819,obluzowany karoseria
820,uszkodzony klapa
821,piszczacy silnik
822,uszkodzony silnik
823,brak zawieszenie
824,piszczacy klocki hamulcowe
825,cieknacy alternator
826,uszkodzony ch這dnica
827,brak zaciski
828,brak karoseria
829,uszkodzony klocki hamulcowe
830,brak tarcze hamulcowe
831,halasujacy opona
832,cieknacy drzwi
833,zardzewialy zaciski
834,piszczacy alternator
835,obluzowany opona
836,halasujacy podwozie
837,porysowany silnik
838,piszczacy zawieszenie
839,halasujacy klocki hamulcowe
840,cieknacy silnik
841,obluzowany drzwi
842,halasujacy klapa
843,piszczacy opona
844,zardzewialy skrzynia
845,piszczacy podwozie
846,cieknacy alternator
847,halasujacy zaciski
848,zardzewialy drzwi
849,uszkodzony ch這dnica
850,obluzowany skrzynia
851,cieknacy karoseria
852,zardzewialy podwozie
853,uszkodzony drzwi
854,uszkodzony tarcze hamulcowe
855,zardzewialy opona
856,obluzowany drzwi
857,uszkodzony alternator
858,halasujacy karoseria
859,halasujacy zawieszenie
860,brak klapa
861,cieknacy alternator
862,brak zawieszenie
863,halasujacy opona
864,cieknacy opona
865,halasujacy ch這dnica
866,cieknacy alternator
867,cieknacy drzwi
868,obluzowany ch這dnica
869,zardzewialy karoseria
870,zardzewialy drzwi
871,brak klapa
872,zardzewialy klapa
873,obluzowany karoseria
874,halasujacy drzwi
875,cieknacy karoseria
876,uszkodzony karoseria
877,zardzewialy klapa
878,porysowany drzwi
879,uszkodzony si這wniki
880,cieknacy skrzynia
881,zardzewialy zaciski
882,piszczacy klocki hamulcowe
883,piszczacy opona
884,cieknacy klocki hamulcowe
885,uszkodzony zaciski
886,cieknacy podwozie
887,cieknacy skrzynia
888,uszkodzony ch這dnica
889,zardzewialy drzwi
890,porysowany klapa
891,obluzowany skrzynia
892,halasujacy zawieszenie
893,zardzewialy zaciski
894,porysowany klapa
895,obluzowany ch這dnica
896,porysowany zaciski
897,halasujacy ch這dnica
898,uszkodzony klapa
899,zardzewialy karoseria
900,zardzewialy zaciski
901,halasujacy zawieszenie
902,obluzowany skrzynia
903,brak zaciski
904,porysowany silnik
905,porysowany klapa
906,cieknacy zawieszenie
907,cieknacy zawieszenie
908,brak klocki hamulcowe
909,obluzowany skrzynia
910,zardzewialy zaciski
911,piszczacy zawieszenie
912,zardzewialy zawieszenie
913,halasujacy karoseria
914,brak skrzynia
915,piszczacy klapa
916,zardzewialy alternator
917,halasujacy drzwi
918,obluzowany klapa
919,obluzowany zaciski
920,piszczacy silnik
921,halasujacy skrzynia
922,obluzowany karoseria
923,porysowany zawieszenie
924,cieknacy zawieszenie
925,uszkodzony tarcze hamulcowe
926,obluzowany zawieszenie
927,cieknacy tarcze hamulcowe
928,obluzowany alternator
929,uszkodzony silnik
930,halasujacy silnik
931,piszczacy silnik
932,porysowany klapa
933,halasujacy drzwi
934,uszkodzony silnik
935,cieknacy klocki hamulcowe
936,uszkodzony karoseria
937,porysowany silnik
938,brak ch這dnica
939,obluzowany podwozie
940,zardzewialy opona
941,brak zawieszenie
942,cieknacy si這wniki
943,zardzewialy alternator
944,cieknacy skrzynia
945,zardzewialy silnik
946,brak skrzynia
947,porysowany skrzynia
948,cieknacy zaciski
949,halasujacy karoseria
950,brak si這wniki
951,halasujacy drzwi
952,brak alternator
953,cieknacy zaciski
954,porysowany klocki hamulcowe
955,cieknacy karoseria
956,obluzowany si這wniki
957,brak alternator
958,brak alternator
959,piszczacy opona
960,cieknacy opona
961,uszkodzony silnik
962,piszczacy klapa
963,porysowany karoseria
964,cieknacy karoseria
965,piszczacy drzwi
966,halasujacy podwozie
967,zardzewialy opona
968,porysowany ch這dnica
969,cieknacy tarcze hamulcowe
970,brak alternator
971,obluzowany podwozie
972,uszkodzony silnik
973,uszkodzony drzwi
974,halasujacy zaciski
975,obluzowany klocki hamulcowe
976,piszczacy zaciski
977,cieknacy zaciski
978,porysowany ch這dnica
979,cieknacy klocki hamulcowe
980,porysowany zaciski
981,uszkodzony karoseria
982,halasujacy karoseria
983,brak klocki hamulcowe
984,uszkodzony skrzynia
985,uszkodzony klocki hamulcowe
986,halasujacy ch這dnica
987,halasujacy alternator
988,zardzewialy skrzynia
989,halasujacy drzwi
990,obluzowany silnik
991,porysowany silnik
992,porysowany si這wniki
993,halasujacy opona
994,zardzewialy si這wniki
995,porysowany drzwi
996,obluzowany zaciski
997,halasujacy drzwi
998,zardzewialy drzwi
999,zardzewialy silnik
1000,piszczacy zawieszenie
