1,srubokret,2650
2,miernik,290
3,suwmiarka,280
4,miernik,4650
5,srubokret,1040
6,komputer,4530
7,suwmiarka,3330
8,suwmiarka,2690
9,wywa¿nik,3120
10,pistolet,2670
11,latarka,3230
12,mlotek,2630
13,srubokret,4280
14,klucz,2310
15,mlotek,4270
16,mlotek,1610
17,komputer,3920
18,latarka,1710
19,suwmiarka,3560
20,napelniacz,2390
21,suwmiarka,720
22,wywa¿nik,4830
23,mlotek,2880
24,napelniacz,2490
25,wywa¿nik,3980
26,suwmiarka,4610
27,klucz,190
28,suwmiarka,530
29,mlotek,3910
30,latarka,3440
31,komputer,2860
32,suwmiarka,4360
33,mlotek,4050
34,pistolet,4080
35,komputer,4050
36,wywa¿nik,4610
37,pistolet,2870
38,suwmiarka,530
39,wywa¿nik,3450
40,pistolet,1050
41,komputer,3360
42,suwmiarka,910
43,klucz,2670
44,srubokret,60
45,komputer,1570
46,srubokret,2090
47,pistolet,2260
48,napelniacz,4690
49,latarka,4160
50,pistolet,770
51,klucz,3770
52,wywa¿nik,3260
53,mlotek,460
54,mlotek,720
55,mlotek,2640
56,latarka,3530
57,latarka,100
58,miernik,2250
59,pistolet,1890
60,komputer,3260
61,klucz,2290
62,miernik,1290
63,komputer,3530
64,pistolet,1800
65,komputer,1210
66,miernik,5000
67,miernik,940
68,napelniacz,170
69,srubokret,390
70,mlotek,1780
71,suwmiarka,980
72,napelniacz,2930
73,pistolet,1800
74,pistolet,3940
75,miernik,4440
76,mlotek,2940
77,wywa¿nik,2540
78,miernik,5000
79,srubokret,1260
80,napelniacz,3950
81,napelniacz,3590
82,mlotek,2340
83,pistolet,3560
84,klucz,1500
85,mlotek,2710
86,wywa¿nik,4800
87,miernik,3120
88,pistolet,3290
89,srubokret,2310
90,mlotek,1870
91,komputer,2560
92,komputer,2160
93,latarka,1080
94,pistolet,890
95,pistolet,1020
96,latarka,1580
97,mlotek,1040
98,mlotek,1410
99,suwmiarka,4480
100,wywa¿nik,1870
101,mlotek,2330
102,komputer,2630
103,wywa¿nik,1660
104,latarka,3490
105,suwmiarka,1570
106,srubokret,1350
107,suwmiarka,2610
108,wywa¿nik,1620
109,srubokret,1450
110,mlotek,4480
111,napelniacz,2340
112,mlotek,3920
113,latarka,1950
114,miernik,2660
115,suwmiarka,550
116,napelniacz,4310
117,suwmiarka,3850
118,latarka,4950
119,wywa¿nik,2250
120,komputer,3300
121,klucz,2430
122,mlotek,1530
123,napelniacz,4890
124,suwmiarka,3900
125,suwmiarka,2120
126,latarka,1620
127,wywa¿nik,4360
128,komputer,3010
129,latarka,1320
130,napelniacz,420
131,suwmiarka,2790
132,suwmiarka,1250
133,komputer,810
134,mlotek,3430
135,mlotek,2960
136,klucz,2100
137,miernik,4170
138,suwmiarka,2720
139,napelniacz,3450
140,klucz,4660
141,miernik,550
142,mlotek,4210
143,napelniacz,3780
144,mlotek,1870
145,srubokret,2650
146,latarka,20
147,wywa¿nik,3890
148,srubokret,3120
149,napelniacz,3520
150,klucz,1740
151,wywa¿nik,2870
152,latarka,3760
153,srubokret,4140
154,napelniacz,330
155,klucz,3440
156,latarka,4940
157,latarka,1460
158,napelniacz,3880
159,latarka,1140
160,pistolet,160
161,suwmiarka,3540
162,komputer,4270
163,latarka,2890
164,mlotek,1860
165,pistolet,1800
166,mlotek,430
167,wywa¿nik,260
168,miernik,910
169,srubokret,4960
170,suwmiarka,170
171,srubokret,1210
172,wywa¿nik,1830
173,wywa¿nik,2940
174,wywa¿nik,970
175,napelniacz,970
176,miernik,760
177,klucz,2080
178,pistolet,2490
179,suwmiarka,1270
180,latarka,410
181,klucz,2160
182,miernik,1360
183,miernik,3140
184,suwmiarka,3530
185,wywa¿nik,2820
186,miernik,2160
187,miernik,60
188,srubokret,140
189,wywa¿nik,4130
190,miernik,3960
191,suwmiarka,1890
192,wywa¿nik,3590
193,wywa¿nik,3890
194,klucz,3390
195,klucz,570
196,wywa¿nik,2370
197,srubokret,2270
198,klucz,2090
199,srubokret,1830
200,napelniacz,4720
201,srubokret,4260
202,srubokret,330
203,komputer,3840
204,srubokret,1650
205,latarka,920
206,suwmiarka,520
207,klucz,4170
208,miernik,1320
209,suwmiarka,1590
210,klucz,3420
211,suwmiarka,760
212,pistolet,2920
213,suwmiarka,3850
214,wywa¿nik,640
215,komputer,4980
216,latarka,460
217,latarka,4140
218,mlotek,2630
219,srubokret,2380
220,suwmiarka,4400
221,wywa¿nik,2160
222,suwmiarka,580
223,mlotek,1320
224,klucz,4240
225,komputer,4910
226,suwmiarka,860
227,miernik,4180
228,klucz,2780
229,mlotek,280
230,miernik,3880
231,miernik,4610
232,wywa¿nik,880
233,klucz,1500
234,miernik,4920
235,pistolet,3190
236,miernik,4880
237,napelniacz,330
238,srubokret,1950
239,srubokret,900
240,miernik,280
241,komputer,1780
242,mlotek,4970
243,srubokret,4570
244,srubokret,1220
245,miernik,1170
246,mlotek,100
247,napelniacz,4180
248,klucz,4240
249,wywa¿nik,3160
250,napelniacz,4730
251,napelniacz,3730
252,srubokret,490
253,klucz,3930
254,wywa¿nik,2750
255,miernik,4910
256,pistolet,4170
257,pistolet,3360
258,komputer,3140
259,napelniacz,3730
260,mlotek,1390
261,srubokret,4250
262,napelniacz,830
263,miernik,3020
264,latarka,780
265,klucz,30
266,latarka,950
267,napelniacz,1350
268,srubokret,3770
269,komputer,850
270,komputer,1560
271,pistolet,2240
272,srubokret,3030
273,srubokret,1190
274,komputer,2220
275,komputer,3340
276,suwmiarka,3990
277,srubokret,740
278,napelniacz,270
279,latarka,1840
280,napelniacz,3760
281,komputer,3280
282,srubokret,4000
283,klucz,3550
284,suwmiarka,2520
285,suwmiarka,910
286,latarka,890
287,klucz,1910
288,mlotek,1590
289,pistolet,3330
290,wywa¿nik,2380
291,komputer,4370
292,mlotek,2260
293,srubokret,3930
294,srubokret,2880
295,komputer,690
296,pistolet,2850
297,miernik,520
298,pistolet,1080
299,miernik,3710
300,mlotek,2050
301,latarka,3740
302,napelniacz,4070
303,mlotek,4560
304,pistolet,3590
305,wywa¿nik,2520
306,wywa¿nik,3620
307,napelniacz,2030
308,komputer,1560
309,klucz,2310
310,klucz,4200
311,suwmiarka,4810
312,suwmiarka,2690
313,mlotek,3100
314,miernik,1300
315,srubokret,20
316,latarka,4500
317,suwmiarka,1680
318,klucz,1870
319,pistolet,2210
320,napelniacz,580
321,pistolet,900
322,wywa¿nik,3700
323,srubokret,570
324,wywa¿nik,4880
325,suwmiarka,4570
326,komputer,2060
327,komputer,3440
328,wywa¿nik,110
329,mlotek,1180
330,suwmiarka miernik,4830
331,srubokret komputer,3940
332,napelniacz klucz,1090
333,srubokret napelniacz,3940
334,mlotek komputer,3300
335,napelniacz srubokret,4300
336,wywa¿nik srubokret,3650
337,latarka suwmiarka,4630
338,komputer wywa¿nik,1140
339,suwmiarka komputer,2340
340,klucz pistolet,2650
341,miernik komputer,2440
342,pistolet klucz,210
343,latarka napelniacz,950
344,klucz komputer,4010
345,suwmiarka miernik,3550
346,mlotek latarka,3650
347,latarka mlotek,2830
348,mlotek mlotek,2640
349,mlotek latarka,1700
350,latarka komputer,4870
351,suwmiarka napelniacz,4570
352,pistolet srubokret,3470
353,mlotek latarka,3080
354,komputer pistolet,1020
355,klucz klucz,600
356,miernik suwmiarka,2510
357,komputer latarka,2350
358,miernik napelniacz,1850
359,miernik miernik,1620
360,mlotek komputer,890
361,suwmiarka latarka,1360
362,napelniacz miernik,3310
363,suwmiarka miernik,490
364,wywa¿nik mlotek,530
365,suwmiarka latarka,1660
366,komputer komputer,1280
367,miernik napelniacz,3030
368,klucz wywa¿nik,3590
369,klucz wywa¿nik,1020
370,mlotek pistolet,980
371,wywa¿nik suwmiarka,4630
372,komputer napelniacz,610
373,napelniacz latarka,940
374,suwmiarka wywa¿nik,1160
375,latarka latarka,2460
376,klucz mlotek,850
377,wywa¿nik latarka,760
378,napelniacz klucz,2970
379,wywa¿nik srubokret,720
380,latarka srubokret,4940
381,srubokret suwmiarka,500
382,miernik suwmiarka,80
383,klucz latarka,2070
384,miernik pistolet,3600
385,latarka mlotek,760
386,pistolet klucz,2890
387,miernik miernik,4950
388,suwmiarka suwmiarka,4360
389,suwmiarka latarka,750
390,pistolet srubokret,540
391,srubokret suwmiarka,4090
392,komputer wywa¿nik,2220
393,komputer mlotek,2670
394,wywa¿nik wywa¿nik,2750
395,suwmiarka mlotek,350
396,napelniacz napelniacz,1090
397,latarka mlotek,4820
398,suwmiarka klucz,2960
399,srubokret klucz,870
400,wywa¿nik wywa¿nik,1530
401,suwmiarka mlotek,1470
402,komputer napelniacz,460
403,komputer miernik,1400
404,napelniacz suwmiarka,4530
405,wywa¿nik srubokret,200
406,komputer mlotek,510
407,napelniacz wywa¿nik,2510
408,mlotek pistolet,1120
409,latarka suwmiarka,4390
410,komputer klucz,2200
411,wywa¿nik mlotek,4830
412,komputer napelniacz,750
413,mlotek mlotek,2590
414,napelniacz napelniacz,1950
415,latarka miernik,1440
416,suwmiarka komputer,1950
417,mlotek miernik,2480
418,suwmiarka klucz,2880
419,latarka wywa¿nik,2250
420,latarka srubokret,2540
421,mlotek pistolet,1620
422,latarka latarka,2960
423,miernik klucz,3480
424,wywa¿nik mlotek,710
425,komputer komputer,4320
426,latarka pistolet,3220
427,pistolet latarka,3580
428,klucz miernik,4240
429,klucz suwmiarka,4080
430,srubokret srubokret,1830
431,latarka mlotek,4800
432,latarka mlotek,2820
433,suwmiarka latarka,1930
434,miernik klucz,1560
435,klucz pistolet,2590
436,wywa¿nik wywa¿nik,580
437,napelniacz miernik,680
438,komputer suwmiarka,4300
439,suwmiarka pistolet,2670
440,mlotek suwmiarka,4610
441,latarka napelniacz,2670
442,napelniacz wywa¿nik,3940
443,wywa¿nik klucz,2420
444,wywa¿nik pistolet,2210
445,srubokret suwmiarka,1400
446,wywa¿nik klucz,1900
447,komputer wywa¿nik,2390
448,komputer suwmiarka,1230
449,klucz napelniacz,1640
450,klucz klucz,4740
451,miernik wywa¿nik,3870
452,mlotek komputer,310
453,klucz mlotek,230
454,pistolet klucz,3290
455,srubokret latarka,1750
456,suwmiarka pistolet,3440
457,latarka suwmiarka,470
458,mlotek miernik,2750
459,wywa¿nik wywa¿nik,3620
460,klucz miernik,2010
461,komputer klucz,3230
462,napelniacz latarka,3110
463,wywa¿nik pistolet,740
464,wywa¿nik napelniacz,840
465,pistolet miernik,2240
466,suwmiarka latarka,1470
467,latarka klucz,2520
468,suwmiarka pistolet,490
469,pistolet napelniacz,3970
470,wywa¿nik klucz,210
471,pistolet klucz,4320
472,latarka miernik,1650
473,wywa¿nik wywa¿nik,4630
474,suwmiarka srubokret,3580
475,latarka pistolet,2640
476,wywa¿nik suwmiarka,3540
477,latarka wywa¿nik,340
478,suwmiarka pistolet,2020
479,miernik mlotek,2750
480,mlotek srubokret,1280
481,wywa¿nik miernik,3840
482,srubokret miernik,790
483,komputer komputer,630
484,mlotek napelniacz,180
485,latarka suwmiarka,870
486,srubokret miernik,4690
487,klucz napelniacz,410
488,suwmiarka latarka,180
489,pistolet mlotek,810
490,komputer napelniacz,2310
491,klucz miernik,4080
492,klucz latarka,140
493,mlotek napelniacz,1970
494,pistolet klucz,2950
495,pistolet suwmiarka,410
496,komputer komputer,4110
497,latarka napelniacz,2880
498,pistolet komputer,1920
499,miernik komputer,760
500,latarka mlotek,3710
501,wywa¿nik wywa¿nik,2360
502,napelniacz latarka,780
503,klucz suwmiarka,3370
504,suwmiarka wywa¿nik,1140
505,komputer klucz,4500
506,miernik latarka,4320
507,pistolet mlotek,3010
508,mlotek mlotek,2650
509,latarka srubokret,3200
510,latarka mlotek,1230
511,komputer srubokret,3890
512,napelniacz komputer,1210
513,suwmiarka latarka,670
514,srubokret napelniacz,2640
515,komputer mlotek,820
516,pistolet suwmiarka,1490
517,wywa¿nik klucz,3790
518,klucz napelniacz,1170
519,miernik mlotek,3440
520,miernik napelniacz,2900
521,suwmiarka latarka,1660
522,miernik napelniacz,2280
523,suwmiarka srubokret,2670
524,mlotek srubokret,4570
525,wywa¿nik latarka,2990
526,mlotek klucz,3520
527,srubokret suwmiarka,1440
528,mlotek srubokret,1700
529,klucz srubokret,3740
530,napelniacz komputer,4750
531,napelniacz komputer,1000
532,suwmiarka latarka,3250
533,miernik mlotek,4250
534,wywa¿nik napelniacz,2640
535,napelniacz napelniacz,4020
536,mlotek klucz,2910
537,miernik miernik,1730
538,pistolet klucz,20
539,miernik komputer,3050
540,latarka napelniacz,640
541,pistolet napelniacz,530
542,miernik miernik,1240
543,suwmiarka napelniacz,4980
544,srubokret napelniacz,2080
545,pistolet klucz,2850
546,napelniacz miernik,3540
547,napelniacz komputer,1770
548,pistolet suwmiarka,1990
549,srubokret miernik,4190
550,miernik mlotek,1150
551,suwmiarka miernik,1300
552,mlotek suwmiarka,1430
553,latarka miernik,4820
554,srubokret wywa¿nik,1230
555,latarka latarka,4300
556,suwmiarka srubokret,4450
557,wywa¿nik latarka,3380
558,mlotek komputer,3740
559,mlotek latarka,210
560,mlotek mlotek,3560
561,komputer wywa¿nik,1240
562,komputer napelniacz,2470
563,napelniacz komputer,4490
564,miernik latarka,1510
565,miernik napelniacz,710
566,wywa¿nik srubokret,980
567,mlotek pistolet,3560
568,miernik wywa¿nik,2330
569,miernik pistolet,1790
570,suwmiarka miernik,4550
571,latarka pistolet,3050
572,srubokret miernik,2380
573,suwmiarka wywa¿nik,290
574,latarka napelniacz,3540
575,komputer miernik,1890
576,srubokret miernik,3260
577,latarka suwmiarka,1700
578,napelniacz mlotek,4970
579,mlotek wywa¿nik,630
580,pistolet miernik,270
581,srubokret napelniacz,4070
582,wywa¿nik pistolet,3440
583,srubokret latarka,1380
584,pistolet wywa¿nik,4540
585,komputer miernik,4350
586,napelniacz mlotek,3340
587,latarka latarka,1440
588,komputer latarka,920
589,klucz latarka,4430
590,pistolet klucz,3310
591,latarka mlotek,3500
592,srubokret komputer,230
593,napelniacz komputer,460
594,komputer srubokret,4210
595,komputer miernik,3810
596,srubokret latarka,3140
597,napelniacz klucz,4050
598,napelniacz napelniacz,250
599,mlotek srubokret,3890
600,miernik latarka,4970
601,miernik wywa¿nik,2320
602,klucz klucz,1760
603,mlotek miernik,1750
604,napelniacz mlotek,3760
605,miernik latarka,3290
606,srubokret suwmiarka,1190
607,srubokret mlotek,2770
608,klucz latarka,4860
609,suwmiarka latarka,260
610,pistolet mlotek,1060
611,srubokret klucz,2720
612,miernik pistolet,2030
613,pistolet mlotek,1630
614,komputer latarka,2910
615,wywa¿nik klucz,2860
616,wywa¿nik wywa¿nik,3550
617,wywa¿nik mlotek,4280
618,klucz komputer,4260
619,suwmiarka komputer,3970
620,miernik klucz,2990
621,klucz pistolet,4990
622,srubokret komputer,4510
623,srubokret wywa¿nik,4760
624,mlotek wywa¿nik,4590
625,napelniacz pistolet,3280
626,pistolet miernik,80
627,mlotek srubokret,4850
628,wywa¿nik klucz,620
629,pistolet klucz,380
630,wywa¿nik klucz,2090
631,pistolet komputer,4290
632,latarka srubokret,3770
633,suwmiarka miernik,1960
634,klucz wywa¿nik,3860
635,srubokret miernik,3300
636,klucz klucz,2530
637,miernik pistolet,1050
638,pistolet srubokret,3140
639,miernik srubokret,380
640,napelniacz napelniacz,4530
641,suwmiarka miernik,1190
642,srubokret srubokret,4960
643,napelniacz napelniacz,1130
644,srubokret latarka,3040
645,komputer srubokret,840
646,napelniacz suwmiarka,3460
647,klucz napelniacz,1070
648,klucz suwmiarka,1310
649,srubokret pistolet,4710
650,pistolet napelniacz,4100
651,srubokret miernik,510
652,srubokret miernik,330
653,wywa¿nik klucz,1940
654,mlotek mlotek,2810
655,latarka miernik,4700
656,latarka klucz,3700
657,miernik pistolet,4100
658,pistolet wywa¿nik,2040
659,miernik miernik,3090
660,napelniacz wywa¿nik,1040
661,komputer latarka,1980
662,klucz latarka,990
663,srubokret suwmiarka,4350
664,napelniacz miernik,1920
665,wywa¿nik miernik,4160
666,suwmiarka klucz,1440
667,mlotek miernik,4820
668,mlotek latarka,1210
669,miernik komputer,4070
670,srubokret suwmiarka,4060
671,miernik komputer,710
672,miernik latarka,4760
673,suwmiarka srubokret,2060
674,srubokret klucz,2620
675,srubokret latarka,1520
676,miernik pistolet,990
677,klucz suwmiarka,3480
678,srubokret wywa¿nik,1010
679,komputer wywa¿nik,1360
680,miernik srubokret,2860
681,latarka latarka,270
682,pistolet suwmiarka,1960
683,pistolet suwmiarka,310
684,klucz komputer,3320
685,mlotek latarka,2870
686,wywa¿nik klucz,640
687,srubokret napelniacz,30
688,suwmiarka pistolet,4290
689,klucz srubokret,3630
690,mlotek wywa¿nik,2250
691,klucz wywa¿nik,3380
692,miernik suwmiarka,4350
693,wywa¿nik pistolet,3690
694,wywa¿nik miernik,2220
695,latarka srubokret,2710
696,srubokret komputer,1360
697,latarka wywa¿nik,2210
698,srubokret pistolet,1510
699,komputer napelniacz,2520
700,miernik mlotek,3410
701,wywa¿nik srubokret,30
702,komputer napelniacz,4780
703,pistolet suwmiarka,4750
704,miernik pistolet,2910
705,komputer komputer,2640
706,mlotek klucz,640
707,mlotek latarka,3390
708,napelniacz suwmiarka,4240
709,mlotek klucz,2220
710,suwmiarka suwmiarka,3550
711,pistolet pistolet,1100
712,latarka srubokret,2250
713,komputer klucz,360
714,napelniacz wywa¿nik,1820
715,mlotek komputer,2310
716,mlotek wywa¿nik,3520
717,napelniacz miernik,4110
718,wywa¿nik suwmiarka,1890
719,miernik napelniacz,160
720,srubokret klucz,3670
721,miernik mlotek,920
722,komputer napelniacz,5000
723,komputer napelniacz,2610
724,srubokret pistolet,3230
725,komputer miernik,3980
726,pistolet wywa¿nik,3470
727,latarka srubokret,510
728,mlotek napelniacz,4950
729,klucz srubokret,4500
730,pistolet miernik,2080
731,srubokret klucz,720
732,klucz miernik,2090
733,klucz pistolet,4510
734,wywa¿nik srubokret,3500
735,mlotek miernik,810
736,napelniacz mlotek,3690
737,srubokret wywa¿nik,1560
738,suwmiarka miernik,130
739,pistolet klucz,1810
740,wywa¿nik srubokret,2550
741,latarka mlotek,4190
742,komputer latarka,820
743,latarka miernik,900
744,miernik latarka,4010
745,suwmiarka pistolet,3940
746,mlotek srubokret,3360
747,latarka miernik,270
748,komputer napelniacz,890
749,klucz mlotek,2370
750,klucz wywa¿nik,2890
751,klucz mlotek,3740
752,komputer komputer,4700
753,wywa¿nik mlotek,2540
754,mlotek komputer,3910
755,wywa¿nik suwmiarka,2090
756,latarka srubokret,950
757,srubokret pistolet,2230
758,srubokret mlotek,3060
759,mlotek wywa¿nik,2790
760,wywa¿nik napelniacz,3830
761,wywa¿nik pistolet,4480
762,miernik srubokret,3640
763,klucz napelniacz,1120
764,mlotek srubokret,2720
765,miernik napelniacz,3090
766,mlotek klucz,800
767,latarka klucz,4940
768,napelniacz napelniacz,4210
769,mlotek komputer,700
770,srubokret pistolet,3240
771,komputer wywa¿nik,720
772,pistolet latarka,2810
773,klucz suwmiarka,960
774,komputer klucz,2060
775,miernik wywa¿nik,2310
776,napelniacz srubokret,980
777,klucz pistolet,3100
778,klucz suwmiarka,2350
779,mlotek wywa¿nik,4520
780,wywa¿nik srubokret,2890
781,srubokret latarka,160
782,latarka klucz,2820
783,miernik suwmiarka,4320
784,latarka komputer,1990
785,suwmiarka komputer,540
786,mlotek srubokret,2590
787,wywa¿nik mlotek,640
788,miernik mlotek,4830
789,pistolet srubokret,3720
790,srubokret komputer,3400
791,komputer suwmiarka,4050
792,srubokret mlotek,200
793,wywa¿nik napelniacz,270
794,komputer srubokret,4210
795,mlotek pistolet,3530
796,latarka latarka,1810
797,miernik srubokret,170
798,napelniacz miernik,2390
799,srubokret latarka,1130
800,suwmiarka komputer,1040
801,klucz miernik,3600
802,klucz wywa¿nik,40
803,komputer napelniacz,4660
804,klucz suwmiarka,4760
805,wywa¿nik srubokret,3500
806,napelniacz suwmiarka,2620
807,srubokret pistolet,2060
808,klucz klucz,3900
809,srubokret suwmiarka,3740
810,napelniacz komputer,1600
811,mlotek mlotek,4870
812,mlotek komputer,770
813,pistolet srubokret,2520
814,komputer suwmiarka,3170
815,klucz napelniacz,510
816,wywa¿nik pistolet,3440
817,klucz suwmiarka,3150
818,pistolet suwmiarka,4440
819,latarka napelniacz,660
820,pistolet klucz,2010
821,latarka miernik,1760
822,wywa¿nik napelniacz,3750
823,suwmiarka pistolet,3580
824,pistolet srubokret,1630
825,klucz komputer,4180
826,mlotek klucz,4900
827,wywa¿nik latarka,170
828,srubokret komputer,2000
829,klucz komputer,3190
830,pistolet klucz,3610
831,srubokret mlotek,3170
832,napelniacz suwmiarka,2940
833,pistolet klucz,2570
834,wywa¿nik mlotek,4120
835,komputer komputer,4030
836,pistolet napelniacz,2960
837,pistolet suwmiarka,360
838,srubokret pistolet,670
839,komputer mlotek,1600
840,srubokret wywa¿nik,2610
841,srubokret komputer,140
842,mlotek pistolet,4260
843,latarka pistolet,3900
844,mlotek komputer,2800
845,pistolet napelniacz,1110
846,miernik pistolet,1840
847,wywa¿nik miernik,960
848,latarka wywa¿nik,2510
849,klucz komputer,1630
850,miernik wywa¿nik,3800
851,miernik latarka,3860
852,klucz napelniacz,1980
853,klucz wywa¿nik,1350
854,napelniacz pistolet,1900
855,komputer suwmiarka,850
856,miernik mlotek,2490
857,wywa¿nik miernik,2960
858,latarka pistolet,3840
859,miernik pistolet,3940
860,miernik klucz,4540
861,klucz napelniacz,1340
862,komputer wywa¿nik,2160
863,napelniacz wywa¿nik,3120
864,komputer wywa¿nik,2630
865,mlotek pistolet,4840
866,mlotek wywa¿nik,4350
867,komputer suwmiarka,2670
868,napelniacz pistolet,910
869,latarka wywa¿nik,4680
870,mlotek pistolet,3710
871,miernik suwmiarka,480
872,wywa¿nik pistolet,1990
873,napelniacz pistolet,3890
874,suwmiarka klucz,4190
875,napelniacz napelniacz,2830
876,srubokret suwmiarka,1380
877,latarka pistolet,800
878,komputer miernik,1800
879,pistolet mlotek,2780
880,mlotek miernik,2110
881,miernik pistolet,3720
882,latarka srubokret,2000
883,komputer suwmiarka,2500
884,napelniacz komputer,3600
885,komputer komputer,3230
886,klucz klucz,3060
887,latarka pistolet,1330
888,komputer srubokret,2370
889,miernik latarka,2200
890,miernik pistolet,820
891,latarka pistolet,410
892,mlotek komputer,820
893,napelniacz miernik,1150
894,wywa¿nik mlotek,3570
895,mlotek suwmiarka,2960
896,komputer latarka,4910
897,napelniacz mlotek,4170
898,srubokret wywa¿nik,960
899,mlotek pistolet,4810
900,suwmiarka miernik,2840
901,mlotek wywa¿nik,4980
902,klucz napelniacz,1750
903,srubokret miernik,4720
904,miernik wywa¿nik,2830
905,napelniacz komputer,570
906,pistolet komputer,4530
907,komputer klucz,1030
908,klucz mlotek,2080
909,wywa¿nik srubokret,4850
910,komputer wywa¿nik,2000
911,pistolet mlotek,3860
912,napelniacz srubokret,1200
913,napelniacz latarka,4310
914,wywa¿nik latarka,4330
915,wywa¿nik klucz,4860
916,mlotek klucz,4770
917,wywa¿nik srubokret,560
918,latarka suwmiarka,1680
919,komputer napelniacz,600
920,pistolet wywa¿nik,530
921,klucz latarka,2840
922,miernik wywa¿nik,2960
923,latarka suwmiarka,2090
924,pistolet pistolet,1770
925,suwmiarka wywa¿nik,4410
926,mlotek latarka,150
927,suwmiarka wywa¿nik,1270
928,klucz napelniacz,4680
929,klucz latarka,1510
930,mlotek suwmiarka,3120
931,mlotek komputer,2840
932,pistolet srubokret,130
933,miernik srubokret,1310
934,miernik srubokret,850
935,suwmiarka klucz,60
936,komputer mlotek,4480
937,pistolet pistolet,330
938,napelniacz mlotek,3830
939,suwmiarka miernik,4270
940,napelniacz miernik,1450
941,wywa¿nik klucz,4220
942,mlotek pistolet,1740
943,miernik miernik,4930
944,latarka mlotek,3930
945,srubokret srubokret,4720
946,mlotek suwmiarka,4490
947,suwmiarka komputer,2940
948,mlotek srubokret pistolet,3470
949,wywa¿nik latarka wywa¿nik,3140
950,mlotek napelniacz suwmiarka,60
951,klucz wywa¿nik klucz,870
952,wywa¿nik wywa¿nik suwmiarka,2930
953,miernik suwmiarka mlotek,340
954,latarka wywa¿nik pistolet,4720
955,mlotek mlotek pistolet,4620
956,komputer wywa¿nik mlotek,4470
957,latarka klucz mlotek,3920
958,suwmiarka klucz miernik,130
959,napelniacz latarka klucz,2200
960,latarka mlotek miernik,3990
961,srubokret miernik miernik,1470
962,mlotek srubokret srubokret,2770
963,komputer napelniacz pistolet,1910
964,srubokret klucz mlotek,300
965,wywa¿nik mlotek mlotek,4480
966,wywa¿nik latarka srubokret,3310
967,napelniacz mlotek wywa¿nik,4090
968,klucz wywa¿nik mlotek,1760
969,miernik napelniacz srubokret,110
970,klucz pistolet klucz,950
971,komputer suwmiarka komputer,2190
972,suwmiarka komputer napelniacz,3550
973,mlotek latarka pistolet,2400
974,latarka srubokret suwmiarka,4690
975,srubokret srubokret wywa¿nik,1050
976,mlotek latarka latarka,310
977,komputer suwmiarka latarka,2040
978,mlotek komputer latarka,3760
979,wywa¿nik komputer miernik,1940
980,latarka latarka wywa¿nik,1540
981,napelniacz klucz pistolet,2930
982,komputer srubokret pistolet,970
983,pistolet pistolet napelniacz,20
984,mlotek wywa¿nik mlotek,1510
985,wywa¿nik srubokret klucz,3840
986,klucz klucz komputer,4700
987,miernik srubokret napelniacz,840
988,napelniacz srubokret klucz,3560
989,srubokret suwmiarka mlotek,1860
990,mlotek klucz mlotek,700
991,pistolet napelniacz srubokret,3300
992,mlotek latarka komputer,2970
993,klucz srubokret srubokret,1430
994,klucz latarka pistolet,1020
995,srubokret suwmiarka suwmiarka,1490
996,komputer mlotek komputer,4490
997,suwmiarka napelniacz suwmiarka,1300
998,komputer mlotek mlotek,2620
999,srubokret miernik komputer,3960
1000,srubokret miernik suwmiarka,1340
1001,klucz komputer wywa¿nik,710
1002,mlotek klucz napelniacz,840
1003,mlotek miernik pistolet,3090
1004,komputer napelniacz pistolet,1150
1005,srubokret miernik srubokret,800
1006,latarka komputer srubokret,3540
1007,srubokret napelniacz pistolet,3210
1008,wywa¿nik suwmiarka latarka,140
1009,miernik latarka latarka,1960
1010,komputer latarka suwmiarka,670
1011,mlotek latarka suwmiarka,1550
1012,srubokret mlotek pistolet,1620
1013,klucz srubokret napelniacz,1000
1014,wywa¿nik napelniacz wywa¿nik,480
1015,suwmiarka wywa¿nik komputer,2430
1016,wywa¿nik komputer suwmiarka,4820
1017,suwmiarka komputer srubokret,3540
1018,latarka srubokret klucz,1980
1019,pistolet napelniacz pistolet,3960
1020,miernik pistolet napelniacz,3130
1021,pistolet srubokret miernik,3310
1022,latarka napelniacz suwmiarka,4330
1023,pistolet pistolet suwmiarka,3910
1024,srubokret miernik srubokret,460
1025,komputer klucz suwmiarka,4120
1026,napelniacz klucz klucz,2830
1027,miernik komputer wywa¿nik,1160
1028,napelniacz srubokret napelniacz,1580
1029,mlotek latarka suwmiarka,70
1030,pistolet mlotek srubokret,4690
1031,klucz klucz mlotek,4490
1032,suwmiarka klucz miernik,3680
1033,wywa¿nik miernik wywa¿nik,490
1034,miernik napelniacz suwmiarka,910
1035,wywa¿nik suwmiarka srubokret,3700
1036,wywa¿nik pistolet srubokret,560
1037,mlotek klucz srubokret,850
1038,napelniacz srubokret miernik,160
1039,pistolet miernik srubokret,1640
1040,suwmiarka mlotek miernik,3350
1041,latarka komputer pistolet,1420
1042,miernik wywa¿nik klucz,2950
1043,klucz latarka srubokret,660
1044,wywa¿nik pistolet srubokret,550
1045,pistolet srubokret pistolet,3860
1046,latarka mlotek klucz,4000
1047,suwmiarka latarka komputer,3820
1048,klucz wywa¿nik klucz,3670
1049,miernik wywa¿nik mlotek,3810
1050,klucz latarka miernik,300
1051,klucz mlotek napelniacz,3810
1052,komputer srubokret mlotek,3780
1053,miernik komputer miernik,3880
1054,klucz napelniacz suwmiarka,1910
1055,klucz suwmiarka pistolet,3540
1056,wywa¿nik komputer srubokret,620
1057,napelniacz wywa¿nik napelniacz,3700
1058,miernik pistolet pistolet,3670
1059,latarka latarka klucz,1200
1060,mlotek pistolet miernik,440
1061,srubokret mlotek pistolet,1380
1062,komputer latarka klucz,1190
1063,komputer komputer miernik,2810
1064,latarka klucz mlotek,1300
1065,klucz latarka wywa¿nik,800
1066,wywa¿nik miernik wywa¿nik,1800
1067,pistolet pistolet napelniacz,2760
1068,srubokret wywa¿nik klucz,530
1069,pistolet wywa¿nik komputer,3340
1070,mlotek srubokret miernik,4020
1071,napelniacz komputer srubokret,2620
1072,mlotek latarka klucz,70
1073,suwmiarka miernik srubokret,1970
1074,miernik mlotek mlotek,2860
1075,mlotek klucz wywa¿nik,3620
1076,suwmiarka srubokret napelniacz,1930
1077,srubokret napelniacz wywa¿nik,3760
1078,suwmiarka miernik pistolet,4220
1079,srubokret wywa¿nik wywa¿nik,2080
1080,latarka wywa¿nik suwmiarka,4340
1081,wywa¿nik napelniacz klucz,3600
1082,mlotek srubokret pistolet,3640
1083,pistolet mlotek latarka,4200
1084,napelniacz pistolet miernik,3020
1085,srubokret komputer suwmiarka,3670
1086,srubokret napelniacz suwmiarka,3630
1087,latarka miernik komputer,2900
1088,miernik miernik mlotek,3100
1089,klucz srubokret suwmiarka,2020
1090,klucz mlotek komputer,1920
1091,pistolet wywa¿nik miernik,120
1092,pistolet miernik napelniacz,910
1093,srubokret klucz mlotek,2030
1094,srubokret klucz pistolet,40
1095,suwmiarka srubokret napelniacz,2530
1096,wywa¿nik komputer komputer,4370
1097,wywa¿nik latarka srubokret,3340
1098,wywa¿nik napelniacz suwmiarka,2310
1099,suwmiarka mlotek klucz,750
1100,pistolet latarka latarka,3210
1101,komputer srubokret wywa¿nik,1290
1102,wywa¿nik wywa¿nik napelniacz,1950
1103,mlotek klucz klucz,1280
1104,latarka pistolet suwmiarka,1210
1105,napelniacz klucz napelniacz,4250
1106,suwmiarka komputer pistolet,4220
1107,klucz napelniacz wywa¿nik,2060
1108,latarka klucz latarka,1120
1109,mlotek suwmiarka srubokret,2370
1110,mlotek napelniacz suwmiarka,1490
1111,mlotek komputer napelniacz,1380
1112,srubokret suwmiarka suwmiarka,4050
1113,suwmiarka miernik latarka,1020
1114,mlotek miernik suwmiarka,1210
1115,klucz suwmiarka mlotek,3000
1116,wywa¿nik mlotek miernik,3820
1117,wywa¿nik latarka latarka,4310
1118,latarka latarka napelniacz,3070
1119,suwmiarka suwmiarka wywa¿nik,180
1120,mlotek napelniacz klucz,4590
1121,napelniacz mlotek klucz,4390
1122,pistolet mlotek klucz,4670
1123,srubokret klucz latarka,1790
1124,komputer suwmiarka miernik,670
1125,miernik komputer wywa¿nik,4490
1126,mlotek latarka napelniacz,1880
1127,mlotek komputer latarka,580
1128,wywa¿nik klucz suwmiarka,1680
1129,napelniacz komputer pistolet,1380
1130,komputer miernik pistolet,1120
1131,komputer pistolet suwmiarka,2320
1132,miernik srubokret wywa¿nik,4700
1133,wywa¿nik srubokret pistolet,30
1134,mlotek klucz mlotek,1160
1135,mlotek klucz mlotek,1830
1136,srubokret suwmiarka klucz,150
1137,srubokret srubokret miernik,1680
1138,wywa¿nik wywa¿nik latarka,710
1139,suwmiarka pistolet srubokret,3380
1140,latarka suwmiarka latarka,3250
1141,latarka srubokret latarka,2760
1142,latarka wywa¿nik mlotek,720
1143,komputer napelniacz napelniacz,4070
1144,srubokret pistolet komputer,1830
1145,komputer napelniacz miernik,4860
1146,srubokret wywa¿nik miernik,3380
1147,miernik miernik klucz,4760
1148,suwmiarka klucz miernik,2960
1149,wywa¿nik napelniacz wywa¿nik,480
1150,srubokret napelniacz suwmiarka,1630
1151,wywa¿nik wywa¿nik wywa¿nik,4580
1152,wywa¿nik miernik wywa¿nik,1320
1153,srubokret suwmiarka suwmiarka,4080
1154,klucz miernik suwmiarka,4750
1155,pistolet komputer latarka,2830
1156,komputer latarka latarka,3700
1157,mlotek napelniacz suwmiarka,3780
1158,srubokret mlotek pistolet,1720
1159,pistolet srubokret klucz,2700
1160,srubokret miernik suwmiarka,4400
1161,pistolet pistolet suwmiarka,3170
1162,napelniacz miernik mlotek,1510
1163,wywa¿nik mlotek klucz,4120
1164,napelniacz mlotek napelniacz,680
1165,napelniacz wywa¿nik wywa¿nik,3930
1166,wywa¿nik miernik srubokret,4920
1167,latarka napelniacz mlotek,3650
1168,suwmiarka wywa¿nik latarka,2030
1169,klucz klucz wywa¿nik,1800
1170,suwmiarka latarka napelniacz,1050
1171,miernik pistolet klucz,1830
1172,srubokret miernik napelniacz,2360
1173,srubokret pistolet klucz,2480
1174,srubokret pistolet srubokret,4400
1175,mlotek latarka srubokret,1320
1176,suwmiarka klucz komputer,490
1177,komputer miernik pistolet,1640
1178,klucz wywa¿nik latarka,3560
1179,napelniacz wywa¿nik komputer,2570
1180,pistolet suwmiarka srubokret,4530
1181,wywa¿nik pistolet miernik,1760
1182,mlotek klucz klucz,2730
1183,wywa¿nik klucz latarka,4120
1184,mlotek komputer mlotek,3690
1185,napelniacz pistolet napelniacz,1120
1186,pistolet napelniacz miernik,4120
1187,komputer srubokret wywa¿nik,1910
1188,latarka pistolet napelniacz,4290
1189,klucz klucz suwmiarka,460
1190,suwmiarka suwmiarka wywa¿nik,3710
1191,pistolet srubokret klucz,3120
1192,wywa¿nik klucz komputer,1480
1193,srubokret mlotek miernik,4150
1194,latarka srubokret wywa¿nik,4750
1195,latarka pistolet komputer,4450
1196,srubokret komputer klucz,1830
1197,suwmiarka klucz napelniacz,4320
1198,komputer komputer miernik,910
1199,suwmiarka srubokret srubokret,2240
1200,napelniacz latarka suwmiarka,1810
1201,komputer wywa¿nik mlotek,2800
1202,mlotek wywa¿nik latarka,1820
1203,napelniacz latarka miernik,4760
1204,srubokret wywa¿nik latarka,580
1205,wywa¿nik wywa¿nik komputer,3240
1206,suwmiarka komputer miernik,4930
1207,pistolet napelniacz klucz,990
1208,klucz mlotek komputer,1980
1209,suwmiarka latarka pistolet,4650
1210,pistolet latarka srubokret,1730
1211,pistolet miernik napelniacz,1760
1212,pistolet pistolet latarka,2090
1213,wywa¿nik klucz napelniacz,960
1214,suwmiarka klucz suwmiarka,4040
1215,pistolet miernik napelniacz,2340
1216,srubokret klucz mlotek,680
1217,komputer mlotek napelniacz,2430
1218,napelniacz klucz pistolet,1960
1219,suwmiarka komputer komputer,1600
1220,klucz mlotek napelniacz,4960
1221,suwmiarka napelniacz wywa¿nik,4020
1222,miernik latarka komputer,1070
1223,wywa¿nik napelniacz klucz,3720
1224,suwmiarka miernik mlotek,690
1225,komputer klucz komputer,790
1226,wywa¿nik miernik mlotek,1530
1227,suwmiarka srubokret latarka,1810
1228,pistolet komputer latarka,3010
1229,pistolet klucz suwmiarka,4280
1230,klucz miernik komputer,670
1231,srubokret wywa¿nik klucz,1840
1232,suwmiarka komputer komputer,3540
1233,miernik pistolet wywa¿nik,2210
1234,srubokret pistolet pistolet,4410
1235,latarka suwmiarka latarka,4150
1236,pistolet mlotek napelniacz,1760
1237,miernik srubokret komputer,2090
1238,mlotek suwmiarka pistolet,2050
1239,napelniacz wywa¿nik suwmiarka,4870
1240,napelniacz wywa¿nik mlotek,220
1241,srubokret suwmiarka wywa¿nik,840
1242,miernik komputer suwmiarka,3520
1243,latarka wywa¿nik komputer,580
1244,pistolet latarka klucz,3930
1245,srubokret wywa¿nik suwmiarka,290
1246,pistolet pistolet suwmiarka,3660
1247,suwmiarka pistolet srubokret,2850
1248,mlotek miernik wywa¿nik,2210
1249,pistolet komputer komputer,3440
1250,latarka srubokret wywa¿nik,1500
1251,komputer klucz komputer,2140
1252,klucz srubokret suwmiarka,4610
1253,suwmiarka napelniacz latarka,3040
1254,klucz klucz napelniacz,490
1255,napelniacz wywa¿nik mlotek,1370
1256,klucz komputer mlotek,4710
1257,komputer pistolet pistolet,4390
1258,klucz napelniacz miernik,3410
1259,klucz komputer srubokret,2840
1260,wywa¿nik suwmiarka klucz,3660
1261,mlotek latarka suwmiarka,4680
1262,latarka komputer suwmiarka,5000
1263,pistolet suwmiarka latarka,1340
1264,latarka latarka miernik,2580
1265,pistolet klucz mlotek,2960
1266,miernik wywa¿nik napelniacz,2260
1267,srubokret pistolet pistolet,550
1268,klucz komputer napelniacz,1770
1269,pistolet latarka pistolet,420
1270,mlotek srubokret srubokret,1750
1271,suwmiarka pistolet napelniacz,3740
1272,srubokret napelniacz latarka,2730
1273,srubokret latarka pistolet,4180
1274,wywa¿nik wywa¿nik komputer,4840
1275,klucz latarka suwmiarka,4360
1276,wywa¿nik wywa¿nik napelniacz,2880
1277,mlotek klucz klucz,4450
1278,klucz latarka napelniacz,170
1279,miernik miernik miernik,1800
1280,miernik suwmiarka klucz,1330
1281,pistolet mlotek suwmiarka,2530
1282,latarka mlotek wywa¿nik,2940
1283,napelniacz suwmiarka wywa¿nik,4220
1284,miernik miernik mlotek,3780
1285,suwmiarka klucz napelniacz,2070
1286,wywa¿nik latarka srubokret,3960
1287,srubokret mlotek latarka,2460
1288,mlotek srubokret napelniacz,260
1289,srubokret komputer latarka,2640
1290,klucz suwmiarka latarka,1590
1291,klucz wywa¿nik latarka,3160
1292,napelniacz miernik suwmiarka,1030
1293,pistolet mlotek komputer,4060
1294,suwmiarka latarka mlotek,140
1295,mlotek latarka latarka,4940
1296,komputer pistolet mlotek,4860
1297,napelniacz pistolet wywa¿nik,4660
1298,pistolet srubokret suwmiarka,2070
1299,klucz mlotek suwmiarka,470
1300,wywa¿nik pistolet wywa¿nik,1790
1301,napelniacz klucz latarka,1490
1302,latarka mlotek latarka,760
1303,napelniacz srubokret pistolet,1770
1304,suwmiarka komputer komputer,300
1305,srubokret miernik suwmiarka,2910
1306,suwmiarka klucz miernik,4210
1307,srubokret suwmiarka suwmiarka,4950
1308,latarka srubokret latarka,2380
1309,napelniacz miernik pistolet,70
1310,latarka srubokret mlotek,4120
1311,komputer wywa¿nik napelniacz,1690
1312,komputer pistolet latarka,4830
1313,latarka pistolet pistolet,220
1314,napelniacz latarka pistolet,2910
1315,pistolet miernik suwmiarka,1690
1316,suwmiarka klucz wywa¿nik,4590
1317,klucz napelniacz latarka,2960
1318,komputer latarka napelniacz,2070
1319,miernik suwmiarka pistolet,1460
1320,suwmiarka komputer latarka,1030
1321,suwmiarka mlotek srubokret,3980
1322,suwmiarka srubokret mlotek,1900
1323,wywa¿nik mlotek latarka,3400
1324,klucz wywa¿nik klucz,3810
1325,pistolet latarka komputer,3200
1326,suwmiarka pistolet wywa¿nik,3800
1327,srubokret napelniacz napelniacz,750
1328,srubokret pistolet srubokret,1680
1329,suwmiarka suwmiarka mlotek,1830
1330,pistolet suwmiarka suwmiarka,930
1331,suwmiarka mlotek suwmiarka,1860
1332,klucz napelniacz wywa¿nik,3130
1333,mlotek latarka wywa¿nik,4900
1334,latarka srubokret latarka,600
1335,miernik pistolet mlotek,2660
1336,suwmiarka latarka srubokret,2440
1337,latarka latarka klucz,1460
1338,napelniacz latarka miernik,1430
1339,miernik komputer srubokret,1010
1340,srubokret miernik wywa¿nik,2520
1341,klucz pistolet napelniacz,770
1342,srubokret klucz wywa¿nik,2770
1343,suwmiarka komputer mlotek,3570
1344,napelniacz latarka latarka,3990
1345,klucz miernik klucz,460
1346,pistolet pistolet miernik,3620
1347,klucz pistolet klucz,280
1348,napelniacz wywa¿nik suwmiarka,4620
1349,wywa¿nik wywa¿nik srubokret,1450
1350,pistolet pistolet napelniacz,4340
1351,napelniacz srubokret klucz,1400
1352,latarka klucz klucz,1300
1353,miernik srubokret pistolet,2470
1354,srubokret pistolet wywa¿nik,4660
1355,miernik wywa¿nik srubokret,4800
1356,napelniacz latarka srubokret,290
1357,miernik miernik komputer,3450
1358,napelniacz pistolet mlotek,4080
1359,pistolet napelniacz klucz,610
1360,latarka srubokret mlotek,4370
1361,pistolet mlotek mlotek,2240
1362,miernik klucz miernik,4270
1363,miernik mlotek miernik,2320
1364,mlotek latarka klucz,1550
1365,latarka napelniacz latarka,4730
1366,pistolet wywa¿nik suwmiarka,4960
1367,srubokret suwmiarka wywa¿nik,3230
1368,mlotek klucz miernik,1910
1369,komputer wywa¿nik suwmiarka,4740
1370,napelniacz srubokret pistolet,610
1371,mlotek latarka suwmiarka,3200
1372,srubokret suwmiarka komputer,4680
1373,pistolet napelniacz napelniacz,590
1374,pistolet miernik komputer,2180
1375,pistolet klucz wywa¿nik,1490
1376,mlotek suwmiarka komputer,1450
1377,klucz latarka srubokret,1340
1378,klucz suwmiarka klucz,2390
1379,srubokret suwmiarka pistolet,980
1380,pistolet wywa¿nik klucz,4150
1381,suwmiarka napelniacz wywa¿nik,4680
1382,wywa¿nik pistolet suwmiarka,760
1383,klucz pistolet napelniacz,4870
1384,suwmiarka napelniacz klucz,4630
1385,srubokret klucz komputer,3800
1386,klucz miernik latarka,1880
1387,wywa¿nik mlotek latarka,1600
1388,komputer napelniacz srubokret,2770
1389,klucz pistolet komputer,1700
1390,napelniacz mlotek klucz,1440
1391,suwmiarka mlotek miernik,940
1392,napelniacz mlotek pistolet,3740
1393,napelniacz komputer latarka,4400
1394,miernik napelniacz srubokret,2540
1395,napelniacz mlotek latarka,1670
1396,pistolet klucz suwmiarka,930
1397,wywa¿nik pistolet suwmiarka,1900
1398,latarka pistolet komputer,4500
1399,pistolet suwmiarka komputer,1360
1400,klucz klucz pistolet,1520
1401,suwmiarka pistolet klucz,1480
1402,klucz suwmiarka klucz,1820
1403,klucz wywa¿nik suwmiarka,3230
1404,komputer latarka pistolet,600
1405,napelniacz suwmiarka suwmiarka,4330
1406,komputer latarka suwmiarka,2110
1407,srubokret srubokret klucz,3390
1408,latarka srubokret komputer,4570
1409,klucz latarka pistolet,1880
1410,latarka komputer srubokret,1910
1411,napelniacz latarka miernik,4740
1412,suwmiarka napelniacz suwmiarka,1480
1413,napelniacz latarka wywa¿nik,1600
1414,napelniacz klucz pistolet,4440
1415,srubokret srubokret suwmiarka,3010
1416,komputer miernik srubokret,3980
1417,wywa¿nik wywa¿nik suwmiarka,4840
1418,wywa¿nik wywa¿nik pistolet,1860
1419,napelniacz srubokret wywa¿nik,3230
1420,srubokret wywa¿nik wywa¿nik,3260
1421,wywa¿nik klucz napelniacz,580
1422,komputer miernik miernik,2840
1423,suwmiarka napelniacz latarka,2720
1424,miernik srubokret wywa¿nik,4160
1425,latarka napelniacz komputer,1970
1426,mlotek miernik latarka,1770
1427,mlotek latarka napelniacz,1410
1428,latarka napelniacz suwmiarka,1610
1429,pistolet komputer wywa¿nik,1900
1430,pistolet srubokret latarka,2730
1431,miernik komputer komputer,2020
1432,latarka latarka napelniacz,880
1433,napelniacz suwmiarka latarka,1950
1434,komputer mlotek napelniacz,3460
1435,klucz mlotek miernik,880
1436,wywa¿nik suwmiarka napelniacz,180
1437,pistolet napelniacz srubokret,1810
1438,mlotek komputer latarka,4790
1439,srubokret latarka klucz,3350
1440,latarka miernik pistolet,4010
1441,wywa¿nik komputer klucz,4360
1442,napelniacz klucz srubokret,330
1443,wywa¿nik miernik pistolet,660
1444,srubokret srubokret latarka,3800
1445,suwmiarka komputer srubokret,1870
1446,komputer suwmiarka miernik,4260
1447,miernik suwmiarka miernik,2920
1448,latarka wywa¿nik komputer,4390
1449,srubokret komputer wywa¿nik,40
1450,wywa¿nik mlotek pistolet,3500
1451,klucz wywa¿nik mlotek,2150
1452,komputer miernik miernik,2230
1453,latarka mlotek wywa¿nik,900
1454,suwmiarka miernik suwmiarka,3650
1455,suwmiarka wywa¿nik mlotek,2610
1456,srubokret mlotek miernik,1280
1457,srubokret mlotek suwmiarka,3320
1458,wywa¿nik latarka wywa¿nik,4070
1459,miernik klucz suwmiarka,3910
1460,latarka suwmiarka srubokret,4320
1461,latarka klucz suwmiarka,1970
1462,suwmiarka klucz srubokret,130
1463,mlotek srubokret komputer,580
1464,klucz miernik wywa¿nik,250
1465,wywa¿nik latarka komputer,1150
1466,napelniacz suwmiarka mlotek,4950
1467,srubokret pistolet napelniacz,2070
1468,suwmiarka miernik srubokret,3820
1469,napelniacz napelniacz napelniacz,1650
1470,srubokret napelniacz mlotek,4850
1471,wywa¿nik miernik napelniacz,410
1472,mlotek srubokret mlotek,2560
1473,srubokret suwmiarka miernik,4510
1474,komputer latarka pistolet,330
1475,wywa¿nik srubokret klucz,1690
1476,srubokret suwmiarka latarka,3980
1477,wywa¿nik napelniacz komputer,3190
1478,latarka pistolet napelniacz,1360
1479,mlotek wywa¿nik klucz,4430
1480,srubokret suwmiarka mlotek,940
1481,miernik miernik suwmiarka,500
1482,srubokret klucz pistolet,480
1483,napelniacz latarka komputer,1390
1484,wywa¿nik klucz pistolet,1710
1485,wywa¿nik wywa¿nik mlotek,1630
1486,komputer komputer suwmiarka,1410
1487,mlotek wywa¿nik komputer,450
1488,wywa¿nik pistolet mlotek,3390
1489,wywa¿nik suwmiarka latarka,1650
1490,suwmiarka napelniacz pistolet,3040
1491,klucz miernik napelniacz,1940
1492,srubokret komputer pistolet,2330
1493,pistolet pistolet wywa¿nik,4070
1494,suwmiarka miernik wywa¿nik,2570
1495,miernik srubokret komputer,1170
1496,miernik komputer miernik,2170
1497,klucz wywa¿nik komputer,880
1498,miernik mlotek klucz,440
1499,suwmiarka pistolet pistolet,1310
1500,miernik klucz komputer,3650
1501,klucz srubokret klucz,2790
1502,klucz suwmiarka suwmiarka,980
1503,srubokret srubokret latarka,4780
1504,pistolet miernik suwmiarka,2300
1505,komputer pistolet latarka,4230
1506,napelniacz mlotek miernik,3530
1507,mlotek suwmiarka mlotek,4010
1508,komputer suwmiarka srubokret,840
1509,napelniacz mlotek miernik,1160
1510,klucz mlotek napelniacz,3620
1511,komputer klucz komputer,4190
1512,suwmiarka klucz komputer,2980
1513,miernik latarka napelniacz,1550
1514,mlotek suwmiarka latarka,4630
1515,srubokret klucz miernik,990
1516,latarka srubokret srubokret,320
1517,miernik latarka klucz,740
1518,mlotek klucz srubokret,4170
1519,klucz pistolet wywa¿nik,2170
1520,wywa¿nik suwmiarka miernik,2210
1521,klucz napelniacz klucz,280
1522,srubokret mlotek klucz,2220
1523,wywa¿nik komputer napelniacz,430
1524,pistolet suwmiarka pistolet,2160
1525,pistolet mlotek komputer,500
1526,napelniacz klucz klucz,1990
1527,miernik wywa¿nik suwmiarka,2090
1528,mlotek klucz miernik,2040
1529,miernik mlotek miernik,980
1530,napelniacz komputer pistolet,3580
1531,pistolet mlotek napelniacz,1810
1532,wywa¿nik pistolet latarka,2240
1533,klucz mlotek wywa¿nik,2640
1534,latarka pistolet wywa¿nik,1910
1535,komputer suwmiarka srubokret,4840
1536,klucz komputer latarka,550
1537,suwmiarka napelniacz napelniacz,4200
1538,srubokret srubokret miernik,2350
1539,miernik latarka srubokret,4460
1540,srubokret miernik miernik,730
1541,wywa¿nik srubokret komputer,1330
1542,miernik miernik suwmiarka,4670
1543,suwmiarka klucz latarka,2880
1544,wywa¿nik suwmiarka pistolet,4530
1545,napelniacz klucz srubokret,3980
1546,miernik srubokret srubokret,2510
1547,srubokret latarka komputer,1880
1548,pistolet latarka napelniacz,1590
1549,komputer latarka wywa¿nik,2180
1550,komputer latarka komputer,4970
1551,miernik klucz mlotek,2110
1552,pistolet suwmiarka pistolet,750
1553,miernik miernik mlotek,2840
1554,napelniacz latarka wywa¿nik,2310
1555,miernik napelniacz miernik,4930
1556,klucz wywa¿nik wywa¿nik,1370
1557,miernik wywa¿nik mlotek,3650
1558,mlotek suwmiarka mlotek,4290
1559,klucz suwmiarka pistolet,4390
1560,wywa¿nik napelniacz klucz,1540
1561,komputer komputer miernik,4740
1562,srubokret wywa¿nik miernik,3000
1563,mlotek klucz wywa¿nik,3220
1564,mlotek napelniacz miernik,630
1565,mlotek klucz pistolet,400
1566,srubokret wywa¿nik napelniacz,2480
1567,pistolet komputer miernik,1830
1568,suwmiarka komputer suwmiarka,4150
1569,miernik komputer klucz,2800
1570,wywa¿nik klucz mlotek,330
1571,mlotek latarka suwmiarka,1450
1572,mlotek komputer suwmiarka,4740
1573,suwmiarka klucz miernik,4510
1574,napelniacz latarka srubokret,2050
1575,komputer suwmiarka suwmiarka,4520
1576,suwmiarka wywa¿nik komputer,3400
1577,komputer napelniacz pistolet,4130
1578,mlotek srubokret suwmiarka,3850
1579,wywa¿nik komputer komputer,2330
1580,miernik pistolet srubokret,3250
1581,latarka suwmiarka srubokret,4790
1582,klucz suwmiarka komputer,2840
1583,klucz miernik klucz,1170
1584,miernik wywa¿nik komputer,890
1585,pistolet latarka mlotek,1860
1586,miernik klucz miernik,190
1587,komputer latarka wywa¿nik,1230
1588,pistolet miernik klucz,2450
1589,mlotek pistolet pistolet,3690
1590,wywa¿nik srubokret miernik,4810
1591,wywa¿nik srubokret suwmiarka,1090
1592,latarka klucz wywa¿nik,1900
1593,suwmiarka napelniacz srubokret,1250
1594,miernik wywa¿nik srubokret,2240
1595,mlotek mlotek mlotek,1660
1596,napelniacz latarka miernik,4870
1597,mlotek mlotek klucz,2230
1598,srubokret wywa¿nik napelniacz,3650
1599,miernik srubokret suwmiarka,3100
1600,srubokret mlotek klucz,2900
1601,pistolet mlotek komputer,1290
1602,wywa¿nik suwmiarka klucz,1350
1603,mlotek suwmiarka wywa¿nik,2270
1604,pistolet suwmiarka mlotek,2400
1605,miernik pistolet mlotek,3130
1606,srubokret mlotek latarka,2760
1607,komputer pistolet klucz,3670
1608,srubokret pistolet wywa¿nik,2270
1609,suwmiarka napelniacz komputer,3360
1610,pistolet wywa¿nik komputer,4180
1611,napelniacz klucz napelniacz,3090
1612,pistolet klucz miernik,2470
1613,komputer wywa¿nik klucz,3720
1614,mlotek srubokret komputer,1830
1615,pistolet mlotek komputer,4540
1616,napelniacz klucz napelniacz,4990
1617,komputer wywa¿nik mlotek,290
1618,suwmiarka komputer latarka,970
1619,napelniacz mlotek mlotek,3380
1620,miernik pistolet wywa¿nik,1010
1621,napelniacz mlotek klucz,3200
1622,napelniacz pistolet pistolet,1510
1623,latarka wywa¿nik miernik,4680
1624,suwmiarka komputer srubokret,180
1625,mlotek mlotek srubokret,3850
1626,klucz pistolet klucz,3080
1627,pistolet mlotek pistolet,2540
1628,wywa¿nik suwmiarka miernik,1780
1629,latarka wywa¿nik latarka,1070
1630,klucz mlotek miernik,1440
1631,suwmiarka napelniacz wywa¿nik,1390
1632,suwmiarka suwmiarka suwmiarka,750
1633,klucz srubokret klucz,2130
1634,wywa¿nik napelniacz mlotek,3680
1635,mlotek klucz suwmiarka,2280
1636,miernik napelniacz srubokret,1840
1637,miernik wywa¿nik suwmiarka,4610
1638,srubokret klucz latarka,1340
1639,komputer latarka pistolet,4790
1640,mlotek latarka napelniacz,4910
1641,suwmiarka mlotek suwmiarka,2700
1642,mlotek miernik suwmiarka,1870
1643,mlotek klucz srubokret,110
1644,napelniacz latarka komputer,3790
1645,latarka klucz napelniacz,180
1646,suwmiarka komputer komputer,1800
1647,miernik suwmiarka latarka,4790
1648,miernik mlotek suwmiarka,2980
1649,suwmiarka latarka napelniacz,2940
1650,miernik wywa¿nik miernik,1610
1651,wywa¿nik latarka mlotek,1000
1652,napelniacz suwmiarka miernik,770
1653,komputer klucz miernik,3640
1654,pistolet latarka suwmiarka,950
1655,miernik pistolet wywa¿nik,3850
1656,miernik srubokret srubokret,1930
1657,klucz miernik srubokret,200
1658,klucz komputer mlotek,1050
1659,latarka klucz miernik,2220
1660,latarka pistolet komputer,4720
1661,latarka latarka srubokret,4330
1662,mlotek miernik mlotek,4040
1663,napelniacz mlotek wywa¿nik,950
1664,komputer wywa¿nik klucz,4820
1665,latarka klucz komputer,1660
1666,pistolet wywa¿nik srubokret,3720
1667,klucz miernik pistolet,2040
1668,miernik wywa¿nik klucz,2970
1669,wywa¿nik latarka latarka,2380
1670,mlotek wywa¿nik mlotek,4840
1671,suwmiarka mlotek mlotek,2790
1672,klucz mlotek latarka,2980
1673,mlotek napelniacz suwmiarka,4720
1674,pistolet klucz suwmiarka,1650
1675,srubokret komputer mlotek,1430
1676,klucz latarka miernik,460
1677,latarka komputer suwmiarka,160
1678,klucz pistolet suwmiarka,250
1679,miernik napelniacz napelniacz,3280
1680,komputer komputer komputer,1420
1681,miernik latarka napelniacz,360
1682,komputer komputer miernik,290
1683,mlotek suwmiarka pistolet,950
1684,miernik napelniacz pistolet,3270
1685,latarka wywa¿nik suwmiarka,580
1686,pistolet mlotek wywa¿nik,960
1687,klucz srubokret latarka,150
1688,srubokret komputer suwmiarka,4530
1689,komputer napelniacz srubokret,4080
1690,latarka napelniacz suwmiarka,4520
1691,srubokret mlotek wywa¿nik,2030
1692,komputer klucz napelniacz,4420
1693,suwmiarka srubokret pistolet,1360
1694,mlotek klucz napelniacz,310
1695,komputer srubokret klucz,2120
1696,wywa¿nik napelniacz komputer,1560
1697,srubokret mlotek komputer,4160
1698,latarka suwmiarka mlotek,3140
1699,wywa¿nik srubokret klucz,2970
1700,miernik srubokret miernik,4260
1701,srubokret pistolet suwmiarka,680
1702,klucz komputer latarka,2350
1703,latarka miernik komputer,910
1704,suwmiarka latarka latarka,700
1705,pistolet wywa¿nik latarka,4600
1706,suwmiarka komputer pistolet,4100
1707,wywa¿nik napelniacz latarka,460
1708,srubokret napelniacz mlotek,1440
1709,wywa¿nik wywa¿nik komputer,3310
1710,suwmiarka wywa¿nik latarka,980
1711,napelniacz pistolet suwmiarka,4720
1712,pistolet wywa¿nik napelniacz,4830
1713,srubokret latarka suwmiarka,1600
1714,latarka srubokret mlotek,600
1715,wywa¿nik pistolet napelniacz,1620
1716,srubokret srubokret wywa¿nik,3760
1717,suwmiarka napelniacz pistolet,360
1718,mlotek pistolet pistolet,3510
1719,napelniacz srubokret komputer,3970
1720,klucz mlotek klucz,3530
1721,pistolet srubokret napelniacz,4030
1722,pistolet miernik latarka,720
1723,pistolet napelniacz komputer,2320
1724,mlotek wywa¿nik napelniacz,1790
1725,klucz napelniacz napelniacz,3510
1726,latarka napelniacz miernik,3300
1727,mlotek mlotek klucz,2800
1728,miernik mlotek napelniacz,4220
1729,srubokret mlotek pistolet,2620
1730,srubokret komputer napelniacz,1720
1731,srubokret latarka napelniacz,3000
1732,miernik latarka wywa¿nik,3150
1733,suwmiarka klucz srubokret,3180
1734,komputer srubokret mlotek,1350
1735,miernik mlotek mlotek,3630
1736,srubokret latarka klucz,1430
1737,napelniacz komputer mlotek,2540
1738,komputer napelniacz komputer,1940
1739,komputer latarka napelniacz,870
1740,komputer miernik pistolet,4430
1741,klucz napelniacz napelniacz,3200
1742,komputer wywa¿nik miernik,1340
1743,pistolet klucz pistolet,3520
1744,komputer wywa¿nik latarka,2840
1745,latarka suwmiarka napelniacz,3490
1746,wywa¿nik wywa¿nik wywa¿nik,910
1747,klucz pistolet mlotek,4760
1748,komputer latarka pistolet,890
1749,pistolet latarka srubokret,1900
1750,srubokret srubokret miernik,620
1751,komputer srubokret latarka,650
1752,pistolet wywa¿nik latarka,1180
1753,suwmiarka srubokret komputer,4960
1754,pistolet srubokret srubokret,1440
1755,miernik latarka komputer,1220
1756,srubokret srubokret latarka,3690
1757,pistolet pistolet klucz,2170
1758,latarka komputer mlotek,3440
1759,klucz srubokret wywa¿nik,1430
1760,mlotek klucz miernik,260
1761,wywa¿nik latarka srubokret,4440
1762,srubokret latarka wywa¿nik,700
1763,latarka klucz napelniacz,3450
1764,mlotek komputer miernik,4370
1765,wywa¿nik latarka srubokret,860
1766,suwmiarka srubokret pistolet,2210
1767,klucz napelniacz suwmiarka,4130
1768,miernik komputer srubokret,3510
1769,pistolet suwmiarka srubokret,3550
1770,latarka latarka miernik,2640
1771,srubokret latarka pistolet,1280
1772,latarka miernik pistolet,2760
1773,srubokret mlotek pistolet,4010
1774,latarka wywa¿nik srubokret,3150
1775,pistolet suwmiarka suwmiarka,3900
1776,miernik klucz wywa¿nik,4850
1777,suwmiarka suwmiarka srubokret,4970
1778,srubokret miernik komputer,3140
1779,napelniacz pistolet mlotek,2930
1780,suwmiarka miernik latarka,120
1781,pistolet komputer pistolet,4100
1782,komputer klucz komputer,3050
1783,srubokret miernik miernik,2590
1784,napelniacz latarka klucz,2320
1785,wywa¿nik pistolet pistolet,280
1786,mlotek komputer pistolet,70
1787,komputer miernik miernik,1230
1788,srubokret napelniacz suwmiarka,1690
1789,srubokret klucz srubokret,1100
1790,pistolet latarka komputer,2340
1791,wywa¿nik komputer napelniacz,1470
1792,klucz komputer latarka,600
1793,suwmiarka komputer miernik,1420
1794,latarka napelniacz klucz,1270
1795,komputer mlotek klucz,3770
1796,miernik komputer latarka,4330
1797,mlotek suwmiarka suwmiarka,150
1798,klucz pistolet pistolet,1590
1799,suwmiarka latarka srubokret,3970
1800,miernik wywa¿nik wywa¿nik,2480
1801,wywa¿nik napelniacz pistolet,4910
1802,klucz wywa¿nik mlotek,2150
1803,komputer komputer miernik,4380
1804,klucz latarka miernik,2060
1805,mlotek klucz klucz,4600
1806,pistolet srubokret miernik,180
1807,klucz napelniacz klucz,720
1808,latarka wywa¿nik miernik,1260
1809,wywa¿nik klucz wywa¿nik,1020
1810,miernik latarka miernik,420
1811,srubokret napelniacz miernik,1290
1812,napelniacz srubokret suwmiarka,170
1813,miernik klucz suwmiarka,2160
1814,klucz wywa¿nik mlotek,4730
1815,napelniacz klucz napelniacz,3640
1816,wywa¿nik latarka napelniacz,2600
1817,klucz komputer komputer,2160
1818,srubokret latarka pistolet,560
1819,latarka latarka wywa¿nik,310
1820,napelniacz srubokret klucz,4070
1821,klucz komputer pistolet,1660
1822,srubokret klucz latarka,1140
1823,miernik napelniacz miernik,2060
1824,wywa¿nik suwmiarka komputer,1360
1825,suwmiarka komputer pistolet,4690
1826,srubokret suwmiarka mlotek,3780
1827,latarka komputer latarka,4610
1828,wywa¿nik klucz komputer,3660
1829,napelniacz miernik miernik,1730
1830,mlotek miernik srubokret,670
1831,wywa¿nik pistolet srubokret,1660
1832,suwmiarka suwmiarka napelniacz,4000
1833,mlotek klucz latarka,3390
1834,wywa¿nik miernik komputer,580
1835,napelniacz napelniacz latarka,760
1836,miernik klucz klucz,3520
1837,klucz wywa¿nik napelniacz,1270
1838,miernik pistolet komputer,3840
1839,komputer mlotek komputer,820
1840,mlotek wywa¿nik latarka,230
1841,napelniacz komputer latarka,4260
1842,komputer srubokret mlotek,3940
1843,suwmiarka miernik suwmiarka,4430
1844,wywa¿nik komputer wywa¿nik,2080
1845,suwmiarka suwmiarka suwmiarka,400
1846,srubokret pistolet komputer,2290
1847,suwmiarka mlotek pistolet,1970
1848,pistolet wywa¿nik klucz,3640
1849,suwmiarka srubokret latarka,3570
1850,napelniacz latarka klucz,3210
1851,napelniacz miernik suwmiarka,400
1852,napelniacz suwmiarka pistolet,880
1853,klucz srubokret latarka,770
1854,miernik klucz srubokret,1610
1855,latarka komputer pistolet,2620
1856,latarka klucz mlotek,3850
1857,klucz mlotek komputer,1340
1858,latarka wywa¿nik miernik,4370
1859,mlotek wywa¿nik mlotek,1480
1860,komputer suwmiarka komputer,1630
1861,mlotek miernik srubokret,3010
1862,srubokret pistolet napelniacz,2140
1863,mlotek napelniacz suwmiarka,2430
1864,wywa¿nik napelniacz suwmiarka,880
1865,mlotek suwmiarka komputer,1330
1866,mlotek suwmiarka suwmiarka,3080
1867,suwmiarka komputer komputer,4290
1868,napelniacz miernik miernik,1140
1869,srubokret miernik suwmiarka,4370
1870,pistolet srubokret latarka,810
1871,srubokret latarka latarka,4780
1872,srubokret klucz suwmiarka,2880
1873,mlotek suwmiarka napelniacz,2640
1874,klucz klucz mlotek,3670
1875,napelniacz mlotek mlotek,4880
1876,pistolet pistolet komputer,380
1877,komputer latarka klucz,3490
1878,miernik pistolet miernik,2680
1879,latarka klucz suwmiarka,600
1880,suwmiarka mlotek mlotek,1550
1881,srubokret klucz wywa¿nik,4470
1882,suwmiarka suwmiarka pistolet,3510
1883,srubokret komputer miernik,240
1884,suwmiarka latarka napelniacz,1280
1885,napelniacz latarka napelniacz,4230
1886,mlotek mlotek miernik,3350
1887,klucz mlotek srubokret,4900
1888,komputer pistolet wywa¿nik,3810
1889,suwmiarka mlotek wywa¿nik,1350
1890,srubokret wywa¿nik klucz,910
1891,komputer pistolet napelniacz,410
1892,srubokret miernik miernik,3950
1893,napelniacz klucz mlotek,1500
1894,mlotek klucz pistolet,4660
1895,suwmiarka komputer mlotek,2110
1896,klucz komputer srubokret,980
1897,komputer wywa¿nik miernik,2920
1898,klucz latarka srubokret,1700
1899,komputer mlotek komputer,2710
1900,suwmiarka srubokret mlotek,820
1901,latarka latarka srubokret,180
1902,napelniacz pistolet miernik,4000
1903,napelniacz wywa¿nik miernik,1570
1904,srubokret napelniacz klucz,4870
1905,srubokret srubokret suwmiarka,3090
1906,wywa¿nik srubokret komputer,3390
1907,pistolet srubokret klucz,3350
1908,miernik napelniacz srubokret,2270
1909,klucz suwmiarka suwmiarka,2890
1910,miernik napelniacz napelniacz,4500
1911,komputer klucz latarka,3660
1912,klucz pistolet latarka,900
1913,wywa¿nik pistolet klucz,880
1914,srubokret pistolet mlotek,140
1915,mlotek suwmiarka pistolet,230
1916,srubokret napelniacz latarka,3040
1917,napelniacz suwmiarka suwmiarka,3330
1918,pistolet wywa¿nik wywa¿nik,3910
1919,mlotek napelniacz napelniacz,3300
1920,napelniacz komputer pistolet,3730
1921,srubokret mlotek napelniacz,3730
1922,srubokret suwmiarka mlotek,2350
1923,srubokret miernik klucz,2770
1924,napelniacz suwmiarka pistolet,2250
1925,mlotek suwmiarka miernik,3140
1926,srubokret pistolet mlotek,790
1927,wywa¿nik pistolet pistolet,720
1928,srubokret pistolet miernik,1130
1929,suwmiarka klucz pistolet,1940
1930,pistolet klucz napelniacz,3850
1931,komputer napelniacz srubokret,1150
1932,pistolet wywa¿nik mlotek,2340
1933,latarka latarka suwmiarka,620
1934,wywa¿nik latarka napelniacz,3010
1935,suwmiarka napelniacz wywa¿nik,3580
1936,mlotek pistolet miernik,3520
1937,pistolet pistolet pistolet,3660
1938,miernik latarka srubokret,530
1939,suwmiarka napelniacz mlotek,2060
1940,wywa¿nik pistolet latarka,3550
1941,suwmiarka klucz pistolet,2900
1942,klucz wywa¿nik suwmiarka,2580
1943,pistolet napelniacz mlotek,4440
1944,miernik komputer latarka,2140
1945,napelniacz napelniacz pistolet,4380
1946,wywa¿nik wywa¿nik latarka,4780
1947,pistolet miernik suwmiarka,4020
1948,wywa¿nik komputer miernik,2950
1949,suwmiarka napelniacz pistolet,4020
1950,suwmiarka klucz srubokret,970
1951,komputer srubokret komputer,3280
1952,pistolet klucz latarka,1320
1953,suwmiarka suwmiarka pistolet,4650
1954,miernik miernik pistolet,360
1955,latarka komputer napelniacz,3960
1956,suwmiarka mlotek napelniacz,1590
1957,latarka miernik latarka,2010
1958,klucz wywa¿nik suwmiarka,4120
1959,miernik klucz napelniacz,3870
1960,napelniacz napelniacz wywa¿nik,2310
1961,srubokret miernik klucz,3590
1962,miernik pistolet latarka,2960
1963,napelniacz mlotek klucz,100
1964,komputer wywa¿nik srubokret,2840
1965,komputer komputer klucz,4580
1966,klucz latarka srubokret,560
1967,pistolet pistolet mlotek,4390
1968,miernik napelniacz mlotek,2800
1969,napelniacz miernik pistolet,2220
1970,napelniacz suwmiarka miernik,550
1971,wywa¿nik latarka klucz,3710
1972,suwmiarka srubokret miernik,450
1973,mlotek latarka pistolet,4360
1974,suwmiarka latarka klucz,3900
1975,komputer komputer suwmiarka,2650
1976,latarka komputer komputer,2120
1977,napelniacz wywa¿nik napelniacz,1590
1978,klucz miernik napelniacz,2060
1979,komputer miernik miernik,1290
1980,miernik wywa¿nik miernik,3640
1981,latarka suwmiarka napelniacz,4200
1982,suwmiarka pistolet suwmiarka,3070
1983,miernik pistolet wywa¿nik,600
1984,wywa¿nik srubokret latarka,320
1985,wywa¿nik klucz klucz,4710
1986,suwmiarka miernik pistolet,2140
1987,srubokret srubokret suwmiarka,2100
1988,mlotek suwmiarka srubokret,3180
1989,latarka mlotek latarka,1840
1990,miernik mlotek pistolet,500
1991,mlotek wywa¿nik napelniacz,2570
1992,miernik klucz wywa¿nik,210
1993,pistolet pistolet komputer,1420
1994,napelniacz srubokret miernik,4630
1995,klucz wywa¿nik miernik,2460
1996,wywa¿nik latarka suwmiarka,1580
1997,miernik suwmiarka suwmiarka,1340
1998,komputer mlotek pistolet,410
1999,pistolet suwmiarka komputer,2260
2000,miernik pistolet srubokret,2800
